title,company,location,posted,link,found_on
Data Engineer,Booz Allen Hamilton,"Beavercreek, OH",Posted 2 Days Ago,https://bah.wd1.myworkdayjobs.com/en-US/BAH_Jobs/job/Beavercreek-OH/Data-Engineer_R0238165,2026-05-01 13:21
Data Engineer,Guidehouse,"US - GA, Atlanta",Posted 2 Days Ago,https://guidehouse.wd1.myworkdayjobs.com/en-US/External/job/US---GA-Atlanta/Data-Engineer_37112,2026-05-01 13:21
Data Engineer,Guidehouse,US - Remote (Any location),Posted Today,https://guidehouse.wd1.myworkdayjobs.com/en-US/External/job/US---Remote-Any-location/Data-Engineer_38787,2026-05-01 13:21
"Data Analyst, Mid",Booz Allen Hamilton,"Millington, TN",Posted Today,https://bah.wd1.myworkdayjobs.com/en-US/BAH_Jobs/job/Millington-TN/Data-Analyst--Mid_R0239211,2026-05-01 15:18
Data Analyst,Guidehouse,"US - TX, San Antonio",Posted Today,https://guidehouse.wd1.myworkdayjobs.com/en-US/External/job/US---TX-San-Antonio/Data-Analyst_38889,2026-05-01 15:18
Data Analyst II - Data Ventures,Walmart,"Bentonville, AR",Posted Today,https://walmart.wd5.myworkdayjobs.com/en-US/WalmartExternal/job/Bentonville-AR/Data-Analyst-II---Data-Ventures_R-2410197-1,2026-05-01 15:18
"Data Analyst, Mid",Booz Allen Hamilton,"Millington, TN",Posted Today,https://bah.wd1.myworkdayjobs.com/en-US/BAH_Jobs/job/Millington-TN/Data-Analyst--Mid_R0239211,2026-05-01 15:18
Data Analyst,Guidehouse,"US - TX, San Antonio",Posted Today,https://guidehouse.wd1.myworkdayjobs.com/en-US/External/job/US---TX-San-Antonio/Data-Analyst_38889,2026-05-01 15:18
Data Analyst II - Data Ventures,Walmart,"Bentonville, AR",Posted Today,https://walmart.wd5.myworkdayjobs.com/en-US/WalmartExternal/job/Bentonville-AR/Data-Analyst-II---Data-Ventures_R-2410197-1,2026-05-01 15:19
"Data Analyst, Mid",Booz Allen Hamilton,"Millington, TN",Posted Today,https://bah.wd1.myworkdayjobs.com/en-US/BAH_Jobs/job/Millington-TN/Data-Analyst--Mid_R0239211,2026-05-01 15:19
Data Analyst,Guidehouse,"US - TX, San Antonio",Posted Today,https://guidehouse.wd1.myworkdayjobs.com/en-US/External/job/US---TX-San-Antonio/Data-Analyst_38889,2026-05-01 15:19
Data Analyst II - Data Ventures,Walmart,"Bentonville, AR",Posted Today,https://walmart.wd5.myworkdayjobs.com/en-US/WalmartExternal/job/Bentonville-AR/Data-Analyst-II---Data-Ventures_R-2410197-1,2026-05-01 15:20
Software & Data Engineer – Financial Technology - Launch Program,SS&C Technologies,"Union, NJ",Posted Today,https://ssctech.wd1.myworkdayjobs.com/en-US/SSCTechnologies/job/Union-NJ/Software---Data-Engineer---Financial-Technology---Launch-Program_R42203,2026-05-01 15:25
Software & Data Engineer – Financial Technology - Launch Program,SS&C Technologies,"Union, NJ",Posted Today,https://ssctech.wd1.myworkdayjobs.com/en-US/SSCTechnologies/job/Union-NJ/Software---Data-Engineer---Financial-Technology---Launch-Program_R42203,2026-05-01 15:25
Data Engineer II,Centene Corporation,Remote-MN,Posted Today,https://centene.wd5.myworkdayjobs.com/en-US/Centene_External/job/Remote-MN/Data-Engineer-II_1635734,2026-05-01 15:25
Data Analyst III,Centene Corporation,Remote-FL,Posted Today,https://centene.wd5.myworkdayjobs.com/en-US/Centene_External/job/Remote-FL/Data-Analyst-III_1634216-1,2026-05-01 15:25
Data Engineer II,Centene Corporation,Remote-MN,Posted Today,https://centene.wd5.myworkdayjobs.com/en-US/Centene_External/job/Remote-MN/Data-Engineer-II_1635734,2026-05-01 15:25
Data Analyst III,Centene Corporation,Remote-FL,Posted Today,https://centene.wd5.myworkdayjobs.com/en-US/Centene_External/job/Remote-FL/Data-Analyst-III_1634216-1,2026-05-01 15:25
Software & Data Engineer – Financial Technology - Launch Program,SS&C Technologies,"Union, NJ",Posted Today,https://ssctech.wd1.myworkdayjobs.com/en-US/SSCTechnologies/job/Union-NJ/Software---Data-Engineer---Financial-Technology---Launch-Program_R42203,2026-05-01 15:26
Data Engineer II,Centene Corporation,Remote-MN,Posted Today,https://centene.wd5.myworkdayjobs.com/en-US/Centene_External/job/Remote-MN/Data-Engineer-II_1635734,2026-05-01 15:26
Data Analyst III,Centene Corporation,Remote-FL,Posted Today,https://centene.wd5.myworkdayjobs.com/en-US/Centene_External/job/Remote-FL/Data-Analyst-III_1634216-1,2026-05-01 15:26
"Data Engineer, Supply Chain Planning",Becton Dickinson,USA NJ - Franklin Lakes,Posted Today,https://bdx.wd1.myworkdayjobs.com/en-US/EXTERNAL_CAREER_SITE_USA/job/USA-NJ---Franklin-Lakes/Data-Engineer--Supply-Chain-Planning_R-544010-1,2026-05-01 15:29
"Data Engineer, Supply Chain Planning",Becton Dickinson,USA NJ - Franklin Lakes,Posted Today,https://bdx.wd1.myworkdayjobs.com/en-US/EXTERNAL_CAREER_SITE_USA/job/USA-NJ---Franklin-Lakes/Data-Engineer--Supply-Chain-Planning_R-544010-1,2026-05-01 15:29
"Data Engineer, Supply Chain Planning",Becton Dickinson,USA NJ - Franklin Lakes,Posted Today,https://bdx.wd1.myworkdayjobs.com/en-US/EXTERNAL_CAREER_SITE_USA/job/USA-NJ---Franklin-Lakes/Data-Engineer--Supply-Chain-Planning_R-544010-1,2026-05-01 15:30
