title,company,location,role,posted,link,found_on,is_new,entry_level
Data Engineer - Ai,Cotiviti,—,Data Engineer,2026-05-16,https://careers-cotiviti.icims.com/jobs/18377/data-engineer---ai/job,2026-05-17 00:58,True,False
Finance And Operations Analyst Intern (Summer 2026),LMI (Logistics Management Institute),—,Analyst / Analytics,2026-05-16,https://careers-lmi.icims.com/jobs/14063/finance-and-operations-analyst-intern-%28summer-2026%29/job,2026-05-17 00:58,True,False
Satellite Communication Analytics Engineer - Mid Level,LMI (Logistics Management Institute),—,Analyst / Analytics,2026-05-15,https://careers-lmi.icims.com/jobs/13900/satellite-communication-analytics-engineer---mid-level/job,2026-05-17 00:58,True,False
Systems Acquisition & Requirements Analyst (Energy) - Clearance Required,LMI (Logistics Management Institute),—,Analyst / Analytics,2026-05-15,https://careers-lmi.icims.com/jobs/13646/systems-acquisition-%26-requirements-analyst-%28energy%29---clearance-required/job,2026-05-17 00:58,True,False
Artificial Intelligence Machine Learning (Ai Ml) Engineer 3,Peraton,—,Machine Learning,2026-05-15,https://careers-peraton.icims.com/jobs/166871/artificial-intelligence-machine-learning-%28ai-ml%29-engineer-3/job,2026-05-17 00:58,True,False
Data Scientist Engineer Level 2 – Ai Ml Project Ts Sci W Poly,Peraton,—,Data Scientist,2026-05-15,https://careers-peraton.icims.com/jobs/166878/data-scientist-engineer-level-2-%e2%80%93-ai-ml-project-ts-sci-w-poly/job,2026-05-17 00:58,True,False
Data Scientist Engineer Level 2 – Ai Ml Project Ts Sci W Poly,Peraton,—,Data Scientist,2026-05-15,https://careers-peraton.icims.com/jobs/166879/data-scientist-engineer-level-2-%e2%80%93-ai-ml-project-ts-sci-w-poly/job,2026-05-17 00:58,True,False
Artificial Intelligence Machine Learning (Ai Ml) Engineer 2 Ts Sci W Poly,Peraton,—,Machine Learning,2026-05-15,https://careers-peraton.icims.com/jobs/166874/artificial-intelligence-machine-learning-%28ai-ml%29-engineer-2-ts-sci-w-poly/job,2026-05-17 00:58,True,False
"Cloud Application Support Engineer For Analytics Platforms (Tableau, Dremio, Posit)",Peraton,—,Analyst / Analytics,2026-05-15,https://careers-peraton.icims.com/jobs/165779/cloud-application-support-engineer-for-analytics-platforms-%28tableau%2c-dremio%2c-posit%29/job,2026-05-17 00:58,True,False
Artificial Intelligence Machine Learning (Ai Ml) Engineer 1,Peraton,—,Machine Learning,2026-05-15,https://careers-peraton.icims.com/jobs/166876/artificial-intelligence-machine-learning-%28ai-ml%29-engineer-1/job,2026-05-17 00:58,True,False
Information Security Privacy Analyst,Peraton,—,Analyst / Analytics,2026-05-15,https://careers-peraton.icims.com/jobs/166832/information-security-privacy-analyst/job,2026-05-17 00:58,True,False
Artificial Intelligence Machine Learning (Ai Ml) Engineer 2 Ts Sci W Poly,Peraton,—,Machine Learning,2026-05-15,https://careers-peraton.icims.com/jobs/166861/artificial-intelligence-machine-learning-%28ai-ml%29-engineer-2-ts-sci-w-poly/job,2026-05-17 00:58,True,False
Artificial Intelligence Machine Learning (Ai Ml) Engineer 1,Peraton,—,Machine Learning,2026-05-15,https://careers-peraton.icims.com/jobs/166857/artificial-intelligence-machine-learning-%28ai-ml%29-engineer-1/job,2026-05-17 00:58,True,False
Social Science Statistical Analyst,Peraton,—,Analyst / Analytics,2026-05-15,https://careers-peraton.icims.com/jobs/164683/social-science-statistical-analyst/job,2026-05-17 00:58,True,False
Management Analyst,Peraton,—,Analyst / Analytics,2026-05-15,https://careers-peraton.icims.com/jobs/166875/management-analyst/job,2026-05-17 00:58,True,False
"Computer Network Defense Analyst (Cnda), Advisor",Peraton,—,Analyst / Analytics,2026-05-15,https://careers-peraton.icims.com/jobs/166338/computer-network-defense-analyst-%28cnda%29%2c-advisor/job,2026-05-17 00:58,True,False
Intelligence Analyst,Peraton,—,Analyst / Analytics,2026-05-15,https://careers-peraton.icims.com/jobs/166849/intelligence-analyst/job,2026-05-17 00:58,True,False
Business Ai & Automation Analyst (Part Time),Peraton,—,Analyst / Analytics,2026-05-15,https://careers-peraton.icims.com/jobs/166007/business-ai-%26-automation-analyst-%28part-time%29/job,2026-05-17 00:58,True,False
Strategic Financial Analyst,W. R. Berkley,—,Analyst / Analytics,2026-05-15,https://careers-berkley.icims.com/jobs/13594/strategic-financial-analyst/job,2026-05-17 00:58,True,False
Associate Support Analyst Intern,W. R. Berkley,—,Analyst / Analytics,2026-05-15,https://careers-berkley.icims.com/jobs/13900/associate-support-analyst-intern/job,2026-05-17 00:58,True,True
Data Engineer,Fisher Investments,—,Data Engineer,2026-05-15,https://jobs-fishercareers.icims.com/jobs/17441/data-engineer/job,2026-05-17 00:58,True,False
Data Engineer Intern,Cadent,—,Data Engineer,2026-05-15,https://careers-cadent.icims.com/jobs/1362/data-engineer-intern/job,2026-05-17 00:58,True,False
Data Engineer,Fisher Investments,—,Data Engineer,2026-05-15,https://jobs-fishercareers.icims.com/jobs/17439/data-engineer/job,2026-05-17 00:58,True,False
Associate Data Scientist,Cadent,—,Data Scientist,2026-05-15,https://careers-cadent.icims.com/jobs/1355/associate-data-scientist/job,2026-05-17 00:58,True,True
Business Transformation Analyst,Herbalife,—,Analyst / Analytics,2026-05-15,https://careers-herbalife.icims.com/jobs/18923/business-transformation-analyst/job,2026-05-17 00:58,True,False
Business Analyst,Stifel,—,Analyst / Analytics,2026-05-15,https://careers-stifel.icims.com/jobs/8725/business-analyst/job,2026-05-17 00:58,True,False
Junior Environmental Policy & Financial Analyst,Cadmus Group,—,Analyst / Analytics,2026-05-15,https://careers-cadmusgroup.icims.com/jobs/3157/junior-environmental-policy-%26-financial-analyst/job,2026-05-17 00:58,True,True
Water Infrastructure Policy & Financial Analyst,Cadmus Group,—,Analyst / Analytics,2026-05-15,https://careers-cadmusgroup.icims.com/jobs/3156/water-infrastructure-policy-%26-financial-analyst/job,2026-05-17 00:58,True,False
Data Scientist I,Cadmus Group,—,Data Scientist,2026-05-15,https://careers-cadmusgroup.icims.com/jobs/3161/data-scientist-i/job,2026-05-17 00:58,True,False
Business Analyst,Cadmus Group,—,Analyst / Analytics,2026-05-15,https://careers-cadmusgroup.icims.com/jobs/3158/business-analyst/job,2026-05-17 00:58,True,False
Data Plane Engineer,DDN (DataDirect Networks),—,Data (Other),2026-05-15,https://careers-ddn.icims.com/jobs/5819/data-plane-engineer/job,2026-05-17 00:58,True,False
Information Security Risk Analyst,Allied Consultants,—,Analyst / Analytics,2026-05-15,https://careers-alliedconsultants.icims.com/jobs/7845/information-security-risk-analyst/job,2026-05-17 00:58,True,False
Program Control Analyst (Budget),Markon Solutions,—,Analyst / Analytics,2026-05-15,https://careers-markon.icims.com/jobs/8344/program-control-analyst-%28budget%29/job,2026-05-17 00:58,True,False
"Oncology Research Data Specialist, Forsyth",Northside Hospital,—,Data (Other),2026-05-15,https://careers-northside.icims.com/jobs/103343/oncology-research-data-specialist%2c-forsyth/job,2026-05-17 00:58,True,False
Oncology Research Data Specialist - Gwinnett Hub,Northside Hospital,—,Data (Other),2026-05-15,https://careers-northside.icims.com/jobs/108317/oncology-research-data-specialist---gwinnett-hub/job,2026-05-17 00:58,True,False
"Analyst, Strategy And Transformation",Consilio,—,Analyst / Analytics,2026-05-15,https://careers-consilio.icims.com/jobs/3880/analyst%2c-strategy-and-transformation/job,2026-05-17 00:58,True,False
Hosting Analyst,Consilio,—,Analyst / Analytics,2026-05-15,https://careers-consilio.icims.com/jobs/4002/hosting-analyst/job,2026-05-17 00:58,True,False
"Analyst, Scs",Consilio,—,Analyst / Analytics,2026-05-15,https://careers-consilio.icims.com/jobs/3907/analyst%2c-scs/job,2026-05-17 00:58,True,False
"Analyst, Strategy And Transformation",Consilio,—,Analyst / Analytics,2026-05-15,https://careers-consilio.icims.com/jobs/4000/analyst%2c-strategy-and-transformation/job,2026-05-17 00:58,True,False
"Religious Freedom Analyst, Junior",Cayuse Holdings,—,Analyst / Analytics,2026-05-16,https://careers-cayuseholdings.icims.com/jobs/3291/religious-freedom-analyst%2c-junior/job,2026-05-17 00:58,True,True
Research Analyst,Cayuse Holdings,—,Analyst / Analytics,2026-05-16,https://careers-cayuseholdings.icims.com/jobs/3713/research-analyst/job,2026-05-17 00:58,True,False
Cyber Incident Response Analyst - Junior,Cayuse Holdings,—,Analyst / Analytics,2026-05-16,https://careers-cayuseholdings.icims.com/jobs/3882/cyber-incident-response-analyst--junior/job,2026-05-17 00:58,True,True
Junior Technology And Human Rights Analyst,Cayuse Holdings,—,Analyst / Analytics,2026-05-16,https://careers-cayuseholdings.icims.com/jobs/3712/junior-technology-and-human-rights-analyst/job,2026-05-17 00:58,True,True
Program Management Analyst I,Cayuse Holdings,—,Analyst / Analytics,2026-05-16,https://careers-cayuseholdings.icims.com/jobs/3807/program-management-analyst-i/job,2026-05-17 00:58,True,False
Program Analyst Ii,Cayuse Holdings,—,Analyst / Analytics,2026-05-16,https://careers-cayuseholdings.icims.com/jobs/3801/program-analyst-ii/job,2026-05-17 00:58,True,False
Business Analyst Ii,Cayuse Holdings,—,Analyst / Analytics,2026-05-16,https://careers-cayuseholdings.icims.com/jobs/3879/business-analyst-ii/job,2026-05-17 00:58,True,False
Data Analysis & Visual Content Analyst,Cayuse Holdings,—,Data Analyst,2026-05-16,https://careers-cayuseholdings.icims.com/jobs/3875/data-analysis-%26-visual-content-analyst/job,2026-05-17 00:58,True,False
Computer Systems Analyst Ii,Cayuse Holdings,—,Analyst / Analytics,2026-05-16,https://careers-cayuseholdings.icims.com/jobs/3717/computer-systems-analyst-ii/job,2026-05-17 00:58,True,False
Program Analyst I,Cayuse Holdings,—,Analyst / Analytics,2026-05-16,https://careers-cayuseholdings.icims.com/jobs/3870/program-analyst-i/job,2026-05-17 00:58,True,False
Experimentation Analyst,Cayuse Holdings,—,Analyst / Analytics,2026-05-16,https://careers-cayuseholdings.icims.com/jobs/3692/experimentation-analyst/job,2026-05-17 00:58,True,False
Program Analyst I,Cayuse Holdings,—,Analyst / Analytics,2026-05-16,https://careers-cayuseholdings.icims.com/jobs/3798/program-analyst-i/job,2026-05-17 00:58,True,False
Data Analyst,Cayuse Holdings,—,Data Analyst,2026-05-16,https://careers-cayuseholdings.icims.com/jobs/3830/data-analyst/job,2026-05-17 00:58,True,False
Budget Analyst Ii,Cayuse Holdings,—,Analyst / Analytics,2026-05-16,https://careers-cayuseholdings.icims.com/jobs/3748/budget-analyst-ii/job,2026-05-17 00:58,True,False
Budget Analyst I,Cayuse Holdings,—,Analyst / Analytics,2026-05-16,https://careers-cayuseholdings.icims.com/jobs/3743/budget-analyst-i/job,2026-05-17 00:58,True,False
Management Analyst Ii,Cayuse Holdings,—,Analyst / Analytics,2026-05-16,https://careers-cayuseholdings.icims.com/jobs/3766/management-analyst-ii/job,2026-05-17 00:58,True,False
Management Analyst I,Cayuse Holdings,—,Analyst / Analytics,2026-05-16,https://careers-cayuseholdings.icims.com/jobs/3765/management-analyst-i/job,2026-05-17 00:58,True,False
Computational Research Analyst,Princeton University,—,Analyst / Analytics,2026-05-15,https://main-princeton.icims.com/jobs/21709/computational-research-analyst/job,2026-05-17 00:58,True,False
Technical Product Owner (Meter Data Services),Trissential,—,Data (Other),2026-05-15,https://trissential-jobs.icims.com/jobs/53032/technical-product-owner-%28meter-data-services%29/job,2026-05-17 00:58,True,False
Mortgage Data Analyst Ii,NAF Inc.,—,Data Analyst,2026-05-15,https://careers-nafinc.icims.com/jobs/7785/mortgage-data-analyst-ii/job,2026-05-17 00:58,True,False
Si Ew Program Analyst,QinetiQ US,—,Analyst / Analytics,2026-05-16,https://careers-qinetiqus.icims.com/jobs/12091/si-ew-program-analyst/job,2026-05-17 00:58,True,False
Operations Analyst - Jr,QinetiQ US,—,Analyst / Analytics,2026-05-16,https://careers-qinetiqus.icims.com/jobs/12099/operations-analyst---jr/job,2026-05-17 00:58,True,True
Operations Analyst - Jr,QinetiQ US,—,Analyst / Analytics,2026-05-16,https://careers-qinetiqus.icims.com/jobs/12084/operations-analyst---jr/job,2026-05-17 00:58,True,True
Energy Analyst - Mid,QinetiQ US,—,Analyst / Analytics,2026-05-16,https://careers-qinetiqus.icims.com/jobs/11958/energy-analyst---mid/job,2026-05-17 00:58,True,False
All Source Analyst - Mid,QinetiQ US,—,Analyst / Analytics,2026-05-16,https://careers-qinetiqus.icims.com/jobs/12052/all-source-analyst---mid/job,2026-05-17 00:58,True,False
Operations Analyst,Aptive Resources,—,Analyst / Analytics,2026-05-15,https://careers-aptiveresources.icims.com/jobs/4317/operations-analyst/job,2026-05-17 00:58,True,False
Business Analyst,Steampunk,—,Analyst / Analytics,2026-05-15,https://careers-steampunk.icims.com/jobs/7556/business-analyst/job,2026-05-17 00:58,True,False
Board Certified Behavior Analyst,Acadia Healthcare,—,Analyst / Analytics,2026-05-15,https://careers-acadiahealthcare.icims.com/jobs/97475/board-certified-behavior-analyst/job,2026-05-17 00:58,True,False
Business Sys Analyst Intermediate,BrightSpring Health Services,—,Analyst / Analytics,2026-05-15,https://careers-brightspring.icims.com/jobs/189482/business-sys-analyst-intermediate/job,2026-05-17 00:58,True,False
Data & Reporting Analyst,BrightSpring Health Services,—,Data Analyst,2026-05-15,https://careers-brightspring.icims.com/jobs/189876/data-%26-reporting-analyst/job,2026-05-17 00:58,True,False
Gis Data Engineer Ii,HERE Technologies,—,Data Engineer,2026-05-15,https://careers-here.icims.com/jobs/81001/gis-data-engineer-ii/job,2026-05-17 01:04,True,False
Data Scientist (Vantage) - Clearance Required,LMI (Logistics Management Institute),—,Data Scientist,2026-05-15,https://careers-lmi.icims.com/jobs/14056/data-scientist-%28vantage%29---clearance-required/job,2026-05-17 01:04,True,False
Data Engineer (Vantage) - Clearance Required,LMI (Logistics Management Institute),—,Data Engineer,2026-05-15,https://careers-lmi.icims.com/jobs/14057/data-engineer-%28vantage%29---clearance-required/job,2026-05-17 01:04,True,False
Cloud Software Engineer Level 2 – Ai Ml Ts Sci W Poly,Peraton,—,AI Engineer,2026-05-15,https://careers-peraton.icims.com/jobs/166870/cloud-software-engineer-level-2-%e2%80%93-ai-ml-ts-sci-w-poly/job,2026-05-16 21:28,True,False
Cloud Software Engineer Level 2 – Ai Ml Ts Sci W Poly,Peraton,—,AI Engineer,2026-05-15,https://careers-peraton.icims.com/jobs/166869/cloud-software-engineer-level-2-%e2%80%93-ai-ml-ts-sci-w-poly/job,2026-05-16 21:28,True,False
Cloud Software Engineer – Ai Ml Project Top Secret Sci W Poly,Peraton,—,AI Engineer,2026-05-15,https://careers-peraton.icims.com/jobs/166865/cloud-software-engineer-%e2%80%93-ai-ml-project-top-secret-sci-w-poly/job,2026-05-16 21:28,True,False
Cloud Software Engineer – Ai Ml Project Top Secret Sci W Poly,Peraton,—,AI Engineer,2026-05-15,https://careers-peraton.icims.com/jobs/166863/cloud-software-engineer-%e2%80%93-ai-ml-project-top-secret-sci-w-poly/job,2026-05-16 21:28,True,False
Cloud Software Engineer Level 2 – Ai Ml Ts Sci W Poly,Peraton,—,AI Engineer,2026-05-15,https://careers-peraton.icims.com/jobs/166867/cloud-software-engineer-level-2-%e2%80%93-ai-ml-ts-sci-w-poly/job,2026-05-16 21:28,True,False
Cloud Software Engineer Level 2 – Ai Ml Ts Sci W Poly,Peraton,—,AI Engineer,2026-05-15,https://careers-peraton.icims.com/jobs/166868/cloud-software-engineer-level-2-%e2%80%93-ai-ml-ts-sci-w-poly/job,2026-05-16 21:28,True,False
Cloud Software Engineer – Ai Ml Project Top Secret Sci W Poly,Peraton,—,AI Engineer,2026-05-15,https://careers-peraton.icims.com/jobs/166866/cloud-software-engineer-%e2%80%93-ai-ml-project-top-secret-sci-w-poly/job,2026-05-16 21:28,True,False
Cloud Software Engineer Level 3 – Ai Ml Project 3 Ts Sci W Poly,Peraton,—,AI Engineer,2026-05-15,https://careers-peraton.icims.com/jobs/166844/cloud-software-engineer-level-3-%e2%80%93-ai-ml-project-3-ts-sci-w-poly/job,2026-05-16 21:28,True,False
Cloud Software Engineer Level 2 – Ai Ml Ts Sci W Poly,Peraton,—,AI Engineer,2026-05-15,https://careers-peraton.icims.com/jobs/166843/cloud-software-engineer-level-2-%e2%80%93-ai-ml-ts-sci-w-poly/job,2026-05-16 21:28,True,False
Cloud Software Engineer – Ai Ml Project Top Secret Sci W Poly,Peraton,—,AI Engineer,2026-05-15,https://careers-peraton.icims.com/jobs/166836/cloud-software-engineer-%e2%80%93-ai-ml-project-top-secret-sci-w-poly/job,2026-05-16 21:28,True,False
Intern - Generative Ai Research Engineer,Cotiviti,—,AI Engineer,2026-05-15,https://careers-cotiviti.icims.com/jobs/18971/intern---generative-ai-research-engineer/job,2026-05-16 21:28,True,False
Ai Automation Engineer,Tyndale USA,—,AI Engineer,2026-05-15,https://careers-tyndaleusa.icims.com/jobs/2499/ai-automation-engineer/job,2026-05-16 21:28,True,False
Analytics Client Service Specialist,MSCI,—,Analytics,2026-05-20,https://globalcareers-msci.icims.com/jobs/5068/analytics-client-service-specialist/job,2026-05-21 16:10,True,False
Analytics Client Service Associate,MSCI,—,Analytics,2026-05-20,https://globalcareers-msci.icims.com/jobs/4716/analytics-client-service-associate/job,2026-05-21 16:10,True,True
Instrument Data Management Analyst,MSCI,—,Data Analyst,2026-05-20,https://globalcareers-msci.icims.com/jobs/5392/instrument-data-management-analyst/job,2026-05-21 16:10,True,False
Analytics Client Service Associate,MSCI,—,Analytics,2026-05-19,https://globalcareers-msci.icims.com/jobs/5420/analytics-client-service-associate/job,2026-05-21 16:10,True,True
"Co Op - Intern Engineer, Data & Analytics",Kinaxis,—,Data Engineer,2026-05-20,https://careers-kinaxis.icims.com/jobs/34766/co-op--intern-engineer%2c-data-%26-analytics/job,2026-05-21 16:10,True,False
Job Description Business Intelligence Developer Intern,W. R. Berkley,—,Business Intelligence,2026-05-21,https://careers-berkley.icims.com/jobs/13964/job-description-business-intelligence-developer-intern/job,2026-05-21 16:10,True,False
Etl Data Pipeline Engineer,Peraton,—,Data Engineer,2026-05-21,https://careers-peraton.icims.com/jobs/165114/etl-data-pipeline-engineer/job,2026-05-21 16:10,True,False
Cloud Data Engineer (Mid) - Clearance Required,LMI (Logistics Management Institute),—,Data Engineer,2026-05-20,https://careers-lmi.icims.com/jobs/14060/cloud-data-engineer-%28mid%29---clearance-required/job,2026-05-21 16:10,True,False
Software Engineer - Agentic Ai Platform,Peraton,—,AI Engineer,2026-05-21,https://careers-peraton.icims.com/jobs/165997/software-engineer---agentic-ai-platform/job,2026-05-21 16:10,True,False
Database Engineer - Analytics Platforms,Peraton,—,Analytics,2026-05-20,https://careers-peraton.icims.com/jobs/166092/database-engineer---analytics-platforms/job,2026-05-21 16:10,True,False
Data & Ai Integration Engineer - Mid Level,Peraton,—,Data Engineer,2026-05-20,https://careers-peraton.icims.com/jobs/166005/data-%26-ai-integration-engineer---mid-level/job,2026-05-21 16:10,True,False
Data Scientist - Operational Analytics,Peraton,—,Analytics,2026-05-20,https://careers-peraton.icims.com/jobs/166991/data-scientist---operational-analytics/job,2026-05-21 16:10,True,False
Performance Data Systems Engineer,Peraton,—,Data Engineer,2026-05-19,https://careers-peraton.icims.com/jobs/162545/performance-data-systems-engineer/job,2026-05-21 16:10,True,False
Ai Ml Software Engineer,Peraton,—,AI Engineer,2026-05-19,https://careers-peraton.icims.com/jobs/165021/ai-ml-software-engineer/job,2026-05-21 16:10,True,False
Data Management Systems Engineer Ts Sci W Poly,Peraton,—,Data Engineer,2026-05-19,https://careers-peraton.icims.com/jobs/166150/data-management-systems-engineer-ts-sci-w-poly/job,2026-05-21 16:10,True,False
Software Data Engineer,Peraton,—,Data Engineer,2026-05-19,https://careers-peraton.icims.com/jobs/166530/software-data-engineer/job,2026-05-21 16:10,True,False
"Prompt Engineer, Ai",Herbalife,—,AI Engineer,2026-05-19,https://careers-herbalife.icims.com/jobs/18612/prompt-engineer%2c-ai/job,2026-05-21 16:10,True,False
Gis Data Engineer Ii,HERE Technologies,—,Data Engineer,2026-05-19,https://careers-here.icims.com/jobs/81013/gis-data-engineer-ii/job,2026-05-21 16:10,True,False
Mlops Catastrophe & Geo Analytics,Mercury Insurance,—,Analytics,2026-05-20,https://careers-mercuryinsurance.icims.com/jobs/6430/mlops-catastrophe-%26-geo-analytics/job,2026-05-21 16:10,True,False
Data Analyst (Business Operations),QinetiQ US,—,Data Analyst,2026-05-20,https://careers-qinetiqus.icims.com/jobs/12110/data-analyst-%28business-operations%29/job,2026-05-21 16:10,True,False
Data Engineer - Databricks,Steampunk,—,Data Engineer,2026-05-20,https://careers-steampunk.icims.com/jobs/7767/data-engineer---databricks/job,2026-05-21 16:10,True,False
Ai Innovation Engineer,Steampunk,—,AI Engineer,2026-05-19,https://careers-steampunk.icims.com/jobs/7509/ai-innovation-engineer/job,2026-05-21 16:10,True,False
Ai Innovation Engineer,Steampunk,—,AI Engineer,2026-05-19,https://careers-steampunk.icims.com/jobs/7771/ai-innovation-engineer/job,2026-05-21 16:10,True,False
Oracle Power Bi Data Analyst,Sazerac,—,Business Intelligence,2026-05-20,https://careers-sazerac.icims.com/jobs/15611/oracle-power-bi-data-analyst/job,2026-05-21 16:10,True,False
Data Analytics Analyst,Canon USA,—,Data Analyst,2026-05-21,https://external-canoncareers.icims.com/jobs/34036/data-analytics-analyst/job,2026-05-21 16:10,True,False
Compensation Analyst - Analytics,Central Health,—,Analytics,2026-05-19,https://careers-centralhealth.icims.com/jobs/10704/compensation-analyst---analytics/job,2026-05-21 16:10,True,False
It Data Engineer,Novolex,—,Data Engineer,2026-05-19,https://careers-novolex.icims.com/jobs/33031/it-data-engineer/job,2026-05-21 16:10,True,False
Ai Engineer,Beyondsoft Consulting,—,AI Engineer,2026-05-20,https://careers-beyondsoft.icims.com/jobs/10863/ai-engineer/job,2026-05-21 16:10,True,False
Business Intelligence Developer Ii (Willow Reporting),Emory University (Non-Clinical),—,Business Intelligence,2026-05-20,https://non-clinical-emory.icims.com/jobs/162199/business-intelligence-developer-ii-%28willow-reporting%29/job,2026-05-21 16:10,True,False
"Strategy Associate, Enterprise Strategy And Analytics",HireRight,—,Analytics,2026-05-20,https://careers-hireright1.icims.com/jobs/6805/strategy-associate%2c-enterprise-strategy-and-analytics/job,2026-05-21 16:10,True,True
Data Governance Analyst,Inland Empire Health Plan,—,Data Analyst,2026-05-20,https://careers-iehp.icims.com/jobs/6548/data-governance-analyst/job,2026-05-21 16:10,True,False
Business Intelligence Developer - Remote,LoanCare,—,Business Intelligence,2026-05-20,https://careers-loancareservicing.icims.com/jobs/3225/business-intelligence-developer---remote/job,2026-05-21 16:10,True,False
"Site Ai Engineer - Fort Meyers, Fl",Suffolk Construction,—,AI Engineer,2026-05-21,https://careers-suffolkconstruction.icims.com/jobs/11146/site-ai-engineer---fort-meyers%2c-fl/job,2026-05-21 16:10,True,False
"Project Engineer, Data Centers",Suffolk Construction,—,Data Engineer,2026-05-19,https://careers-suffolkconstruction.icims.com/jobs/11010/project-engineer%2c-data-centers/job,2026-05-21 16:10,True,False
Business Intelligence Analyst,The Joint Commission,—,Business Intelligence,2026-05-21,https://careers-jointcommission.icims.com/jobs/7280/business-intelligence-analyst/job,2026-05-21 16:10,True,False
Data Analyst - Mid,American Systems,—,Data Analyst,2026-05-21,https://careers-americansystems.icims.com/jobs/4394/data-analyst---mid/job,2026-05-21 21:00,True,False
Data Engineer - Mid,American Systems,—,Data Engineer,2026-05-21,https://careers-americansystems.icims.com/jobs/4392/data-engineer---mid/job,2026-05-21 21:00,True,False
Data Engineer - Junior,American Systems,—,Data Engineer,2026-05-21,https://careers-americansystems.icims.com/jobs/4391/data-engineer---junior/job,2026-05-21 21:00,True,True
Business Data Engineer Ii,Tyndale USA,—,Data Engineer,2026-05-21,https://careers-tyndaleusa.icims.com/jobs/2455/business-data-engineer-ii/job,2026-05-21 21:00,True,False
Ai Innovation Engineer,Steampunk,—,AI Engineer,2026-05-21,https://careers-steampunk.icims.com/jobs/7781/ai-innovation-engineer/job,2026-05-21 21:00,True,False
"Business Analyst, Analytics And Automation",ComPsych,—,Analytics,2026-05-21,https://careers-compsych.icims.com/jobs/2136/business-analyst%2c-analytics-and-automation/job,2026-05-21 23:00,True,False
Data Engineer,MSCI,—,Data Engineer,2026-05-22,https://globalcareers-msci.icims.com/jobs/3980/data-engineer/job,2026-05-22 13:00,True,False
Erm Data Analytics & Reporting Analyst,East West Bank,—,Data Analyst,2026-05-21,https://careers-eastwestbank.icims.com/jobs/13144/erm-data-analytics-%26-reporting-analyst/job,2026-05-22 13:00,True,False
Data Technology Dmx Ssa Data Engineer,MSCI,—,Data Engineer,2026-05-22,https://globalcareers-msci.icims.com/jobs/4820/data-technology-dmx-ssa-data-engineer/job,2026-05-22 16:00,True,False
"Data Analyst (Dasw, Materiel Readiness) - Clearance Required",LMI (Logistics Management Institute),—,Data Analyst,2026-05-22,https://careers-lmi.icims.com/jobs/13939/data-analyst-%28dasw%2c-materiel-readiness%29---clearance-required/job,2026-05-22 16:00,True,False
Data Engineer & Governance Specialist - Clearance Required,LMI (Logistics Management Institute),—,Data Engineer,2026-05-22,https://careers-lmi.icims.com/jobs/13894/data-engineer-%26-governance-specialist---clearance-required/job,2026-05-22 16:00,True,False
Data Engineer - Clearance Required,LMI (Logistics Management Institute),—,Data Engineer,2026-05-22,https://careers-lmi.icims.com/jobs/14000/data-engineer---clearance-required/job,2026-05-22 16:00,True,False
Pricing Data Analyst,Canon USA,—,Data Analyst,2026-05-22,https://external-canoncareers.icims.com/jobs/34316/pricing-data-analyst/job,2026-05-22 16:00,True,False
