source,job_id,title,company,location,role,posted,url,found_at
lever,8778f2b6-fd12-4f61-8c0f-0102fd8a7f60,Data Engineer,Daniels Sharpsmart,"Chicago, IL",Data Engineer,2026-05-14T21:28:47.926000+00:00,https://jobs.lever.co/daniels-sharpsmart/8778f2b6-fd12-4f61-8c0f-0102fd8a7f60/apply,2026-05-14 21:33 UTC
greenhouse,8550730002,"Data Analyst, Project Controls",Ventureglobal,"Point Celeste, LA",Data Analyst,2026-05-14T16:37:24-04:00,https://job-boards.greenhouse.io/ventureglobal/jobs/8550730002,2026-05-14 21:36 UTC
greenhouse,4249458009,Data Engineer III,Itd,San Jose,Data Engineer,2026-05-15T06:40:30-04:00,https://job-boards.greenhouse.io/itd/jobs/4249458009,2026-05-15 11:06 UTC
greenhouse,4867975101,Working Student - Data Engineering (f/m/x),Marvelfusion,Munich,Data Engineer,2026-05-15T08:55:28-04:00,https://job-boards.eu.greenhouse.io/marvelfusion/jobs/4867975101,2026-05-15 12:56 UTC
greenhouse,8550374002,Financial Data Application Specialist,AlphaSense,"New York, New York, United States",Data,2026-05-14T15:16:15-04:00,https://job-boards.greenhouse.io/alphasense/jobs/8550374002,2026-05-15 14:26 UTC
greenhouse,8548752002,Data Analytics - Associate,iCapital Network,"New York, New York, United States",Data,2026-05-14T16:47:01-04:00,https://job-boards.greenhouse.io/icapitalnetwork/jobs/8548752002,2026-05-15 14:26 UTC
greenhouse,4681840006,Helix Data Creator (LA- Irvine/Santa Ana),Figure AI,"Irvine, CA",Data,2026-05-14T18:32:05-04:00,https://job-boards.greenhouse.io/figureai/jobs/4681840006,2026-05-15 14:26 UTC
greenhouse,4681841006,Helix Data Creator (LA- Pasadena),Figure AI,"Pasadena, CA",Data,2026-05-14T18:33:22-04:00,https://job-boards.greenhouse.io/figureai/jobs/4681841006,2026-05-15 14:26 UTC
greenhouse,4681839006,Helix Data Creator (LA- Santa Monica),Figure AI,"Santa Monica, CA",Data,2026-05-14T18:33:40-04:00,https://job-boards.greenhouse.io/figureai/jobs/4681839006,2026-05-15 14:26 UTC
greenhouse,5746782004,Data Architect,66Degrees,"Remote, United States",Data,2026-05-14T12:45:30-04:00,https://job-boards.greenhouse.io/66degrees/jobs/5746782004,2026-05-15 14:26 UTC
greenhouse,7734736003,Verification Operations Specialist (Data Entry),Abclegalservices,"Longmont, CO",Data,2026-05-14T13:38:52-04:00,https://www.abclegal.com/job-openings/job?id=7734736003&gh_jid=7734736003,2026-05-15 14:26 UTC
greenhouse,5217096008,Joint Data Network Technician,Analyticservicesinc,"Honolulu, HI",Data,2026-05-14T14:04:38-04:00,https://job-boards.greenhouse.io/analyticservicesinc/jobs/5217096008?gh_jid=5217096008,2026-05-15 14:26 UTC
greenhouse,4248510009,OFSAA Data Modeling Consultant,Formativgroup,"Remote/Charlotte, NC, Hoboken, NJ, or Tampa, FL - Full-Time",Data,2026-05-14T13:40:09-04:00,https://job-boards.greenhouse.io/formativgroup/jobs/4248510009,2026-05-15 14:26 UTC
greenhouse,4249622009,Un-Armed Licensed Security Officers – Ankeny - Data Center - 2-3 Shifts,Marksman,"Ankeny,Iowa",Data,2026-05-15T10:32:37-04:00,https://job-boards.greenhouse.io/marksman/jobs/4249622009,2026-05-15 14:36 UTC
greenhouse,8442996002,Data Center Repair Technician,Eositsolutions,"Portland, Oregon, United States",Data,2026-05-15T10:54:31-04:00,https://eosits.com/company/careers/?gh_jid=8442996002,2026-05-15 14:56 UTC
greenhouse,4249625009,Business Intelligence (BI) Developer,Industrialelectricmanufacturing,US - Remote,Developer,2026-05-15T11:09:21-04:00,https://job-boards.greenhouse.io/industrialelectricmanufacturing/jobs/4249625009,2026-05-15 15:16 UTC
greenhouse,7927448,Data Entry Specialist,Carvana,"Concord, NC",Data,2026-05-15T11:16:48-04:00,https://www.carvana.com/careers/apply?gh_jid=7927448,2026-05-15 15:26 UTC
rippling,73a84276-c50c-4688-891b-38f58e4a03ea,Data Engineer,Ascentt,"Plano, TX",Data Engineer,,https://ats.rippling.com/ascentt/jobs/73a84276-c50c-4688-891b-38f58e4a03ea,2026-05-15 15:50 UTC
rippling,2c51156a-8781-4d7c-b5fc-1fc83470fcd8,Manufacturing Data Analyst,Ascentt,"Plano, TX",Data Analyst,,https://ats.rippling.com/ascentt/jobs/2c51156a-8781-4d7c-b5fc-1fc83470fcd8,2026-05-15 15:50 UTC
rippling,2c51156a-8781-4d7c-b5fc-1fc83470fcd8,Manufacturing Data Analyst,Ascentt,On_site,Data Analyst,,https://ats.rippling.com/ascentt/jobs/2c51156a-8781-4d7c-b5fc-1fc83470fcd8,2026-05-15 15:50 UTC
rippling,2c51156a-8781-4d7c-b5fc-1fc83470fcd8,Manufacturing Data Analyst,Ascentt,On_site,Data Analyst,,https://ats.rippling.com/ascentt/jobs/2c51156a-8781-4d7c-b5fc-1fc83470fcd8,2026-05-15 15:50 UTC
rippling,2c51156a-8781-4d7c-b5fc-1fc83470fcd8,Manufacturing Data Analyst,Ascentt,On_site,Data Analyst,,https://ats.rippling.com/ascentt/jobs/2c51156a-8781-4d7c-b5fc-1fc83470fcd8,2026-05-15 15:50 UTC
lever,8778f2b6-fd12-4f61-8c0f-0102fd8a7f60,Data Engineer,Daniels Sharpsmart,"Chicago, IL",Data Engineer,2026-05-14T21:28:47.926000+00:00,https://jobs.lever.co/daniels-sharpsmart/8778f2b6-fd12-4f61-8c0f-0102fd8a7f60/apply,2026-05-14 21:33 UTC
greenhouse,8550730002,"Data Analyst, Project Controls",Ventureglobal,"Point Celeste, LA",Data Analyst,2026-05-14T16:37:24-04:00,https://job-boards.greenhouse.io/ventureglobal/jobs/8550730002,2026-05-14 21:36 UTC
greenhouse,4249458009,Data Engineer III,Itd,San Jose,Data Engineer,2026-05-15T06:40:30-04:00,https://job-boards.greenhouse.io/itd/jobs/4249458009,2026-05-15 11:06 UTC
greenhouse,4867975101,Working Student - Data Engineering (f/m/x),Marvelfusion,Munich,Data Engineer,2026-05-15T08:55:28-04:00,https://job-boards.eu.greenhouse.io/marvelfusion/jobs/4867975101,2026-05-15 12:56 UTC
greenhouse,8550374002,Financial Data Application Specialist,AlphaSense,"New York, New York, United States",Data,2026-05-14T15:16:15-04:00,https://job-boards.greenhouse.io/alphasense/jobs/8550374002,2026-05-15 14:26 UTC
greenhouse,8548752002,Data Analytics - Associate,iCapital Network,"New York, New York, United States",Data,2026-05-14T16:47:01-04:00,https://job-boards.greenhouse.io/icapitalnetwork/jobs/8548752002,2026-05-15 14:26 UTC
greenhouse,4681840006,Helix Data Creator (LA- Irvine/Santa Ana),Figure AI,"Irvine, CA",Data,2026-05-14T18:32:05-04:00,https://job-boards.greenhouse.io/figureai/jobs/4681840006,2026-05-15 14:26 UTC
greenhouse,4681841006,Helix Data Creator (LA- Pasadena),Figure AI,"Pasadena, CA",Data,2026-05-14T18:33:22-04:00,https://job-boards.greenhouse.io/figureai/jobs/4681841006,2026-05-15 14:26 UTC
greenhouse,4681839006,Helix Data Creator (LA- Santa Monica),Figure AI,"Santa Monica, CA",Data,2026-05-14T18:33:40-04:00,https://job-boards.greenhouse.io/figureai/jobs/4681839006,2026-05-15 14:26 UTC
greenhouse,5746782004,Data Architect,66Degrees,"Remote, United States",Data,2026-05-14T12:45:30-04:00,https://job-boards.greenhouse.io/66degrees/jobs/5746782004,2026-05-15 14:26 UTC
greenhouse,7734736003,Verification Operations Specialist (Data Entry),Abclegalservices,"Longmont, CO",Data,2026-05-14T13:38:52-04:00,https://www.abclegal.com/job-openings/job?id=7734736003&gh_jid=7734736003,2026-05-15 14:26 UTC
greenhouse,5217096008,Joint Data Network Technician,Analyticservicesinc,"Honolulu, HI",Data,2026-05-14T14:04:38-04:00,https://job-boards.greenhouse.io/analyticservicesinc/jobs/5217096008?gh_jid=5217096008,2026-05-15 14:26 UTC
greenhouse,4248510009,OFSAA Data Modeling Consultant,Formativgroup,"Remote/Charlotte, NC, Hoboken, NJ, or Tampa, FL - Full-Time",Data,2026-05-14T13:40:09-04:00,https://job-boards.greenhouse.io/formativgroup/jobs/4248510009,2026-05-15 14:26 UTC
greenhouse,4249622009,Un-Armed Licensed Security Officers – Ankeny - Data Center - 2-3 Shifts,Marksman,"Ankeny,Iowa",Data,2026-05-15T10:32:37-04:00,https://job-boards.greenhouse.io/marksman/jobs/4249622009,2026-05-15 14:36 UTC
rippling,73a84276-c50c-4688-891b-38f58e4a03ea,Data Engineer,Ascentt,"Plano, TX",Data Engineer,,https://ats.rippling.com/ascentt/jobs/73a84276-c50c-4688-891b-38f58e4a03ea,2026-05-15 15:50 UTC
rippling,2c51156a-8781-4d7c-b5fc-1fc83470fcd8,Manufacturing Data Analyst,Ascentt,"Plano, TX",Data Analyst,,https://ats.rippling.com/ascentt/jobs/2c51156a-8781-4d7c-b5fc-1fc83470fcd8,2026-05-15 15:50 UTC
rippling,2c51156a-8781-4d7c-b5fc-1fc83470fcd8,Manufacturing Data Analyst,Ascentt,On_site,Data Analyst,,https://ats.rippling.com/ascentt/jobs/2c51156a-8781-4d7c-b5fc-1fc83470fcd8,2026-05-15 15:50 UTC
rippling,2c51156a-8781-4d7c-b5fc-1fc83470fcd8,Manufacturing Data Analyst,Ascentt,On_site,Data Analyst,,https://ats.rippling.com/ascentt/jobs/2c51156a-8781-4d7c-b5fc-1fc83470fcd8,2026-05-15 15:50 UTC
rippling,2c51156a-8781-4d7c-b5fc-1fc83470fcd8,Manufacturing Data Analyst,Ascentt,On_site,Data Analyst,,https://ats.rippling.com/ascentt/jobs/2c51156a-8781-4d7c-b5fc-1fc83470fcd8,2026-05-15 15:50 UTC
greenhouse,4695600005,Visual Data Labeling Technician I (Part-Time),Astspacemobile,"Midland, Texas, United States",Data,2026-05-14T17:51:33-04:00,https://ast-science.com/company/careers/?gh_jid=4695600005,2026-05-15 15:56 UTC
greenhouse,7734086003,Technical Integration & Data Management SME,Indopacific,"Aiea, HI",Data,2026-05-14T11:58:47-04:00,https://www.smxtech.com/careers/leia/?gh_jid=7734086003,2026-05-15 15:56 UTC
greenhouse,4244568009,QC Data Specialist I,Monsterenergy,"USA - Corona, CA",Data,2026-05-14T16:28:31-04:00,https://job-boards.greenhouse.io/monsterenergy/jobs/4244568009,2026-05-15 15:56 UTC
rippling,2901e349-be92-4949-b3c3-309c7707ec78,Product Data Specialist,Luma Financial Technologies,"Cincinnati, OH",Data,,https://ats.rippling.com/luma-financial-technologies/jobs/2901e349-be92-4949-b3c3-309c7707ec78,2026-05-15 15:59 UTC
rippling,329f68e4-fdf8-4a69-9089-484cdb719a97,Product Analytics Data Scientist,Crisp,Remote,Data Scientist,,https://ats.rippling.com/crisp-careers/jobs/329f68e4-fdf8-4a69-9089-484cdb719a97,2026-05-15 15:59 UTC
rippling,d4836253-0588-4352-91a1-745d41a8cd33,Data Platform Engineer,Vector Health AI,Remote,Engineer,,https://ats.rippling.com/vectorhealthai/jobs/d4836253-0588-4352-91a1-745d41a8cd33,2026-05-15 15:59 UTC
rippling,fbbe2be7-554a-46f7-b43a-e96d005b3c94,C2H UX Data Researcher,HTX Labs,Remote,Data,,https://ats.rippling.com/htx-labs-careers/jobs/fbbe2be7-554a-46f7-b43a-e96d005b3c94,2026-05-15 15:59 UTC
rippling,15aac6e3-d614-4ed4-bea5-57dfa09406b5,"Data Analyst, Insurance",The Guarantors,"New York, NY",Data Analyst,,https://ats.rippling.com/theguarantors-open-positions/jobs/15aac6e3-d614-4ed4-bea5-57dfa09406b5,2026-05-15 15:59 UTC
rippling,b2778b89-8966-45f9-a6af-134f04c099c3,Data Engineer II,ReUp Education,"Austin, TX",Data Engineer,,https://ats.rippling.com/reup-education/jobs/b2778b89-8966-45f9-a6af-134f04c099c3,2026-05-15 15:59 UTC
rippling,0a3a4d00-65a2-4cc6-a6ac-df8b037b04ca,SME Consultant - Data Center Maintenance,Interplay Learning,Remote,Data,,https://ats.rippling.com/interplaylearning/jobs/0a3a4d00-65a2-4cc6-a6ac-df8b037b04ca,2026-05-15 15:59 UTC
rippling,10a93328-d166-4e9f-ae6f-9e1c758919d4,Data Engineer – Azure Cloud & Security,AspenView Technology Partners,Remote,Data Engineer,,https://ats.rippling.com/aspenview/jobs/10a93328-d166-4e9f-ae6f-9e1c758919d4,2026-05-15 15:59 UTC
rippling,10a93328-d166-4e9f-ae6f-9e1c758919d4,Data Engineer – Azure Cloud & Security,AspenView Technology Partners,Remote,Data Engineer,,https://ats.rippling.com/aspenview/jobs/10a93328-d166-4e9f-ae6f-9e1c758919d4,2026-05-15 15:59 UTC
rippling,18a67303-e3ff-4fe3-8bc3-f17702716f92,Forward-Deployed Data Engineer,Gridsight,"Austin, TX | San Francisco, CA",Data Engineer,,https://ats.rippling.com/gridsight/jobs/18a67303-e3ff-4fe3-8bc3-f17702716f92,2026-05-15 15:59 UTC
rippling,40a0964a-685c-4dbc-9829-0f667b04f37c,Data Analytics Intern,Veryable,"Dallas, TX",Data,,https://ats.rippling.com/veryable-careers/jobs/40a0964a-685c-4dbc-9829-0f667b04f37c,2026-05-15 15:59 UTC
rippling,bf52e592-f513-4674-bfae-4f81d27245d9,Data Warehousing Architect,Partner.Co,Remote,Data,,https://ats.rippling.com/partnerco/jobs/bf52e592-f513-4674-bfae-4f81d27245d9,2026-05-15 15:59 UTC
rippling,e2e4aa87-10eb-4447-9291-48f230c6b359,Data Management Specialist (Skill Level 2),Strategic Analytix,"Fort Meade, MD",Data,,https://ats.rippling.com/strategic-analytix-careers/jobs/e2e4aa87-10eb-4447-9291-48f230c6b359,2026-05-15 15:59 UTC
rippling,fe782019-3086-44dd-a630-cd15c7859fb6,"Data Architect, Data Platform (Azure)",CargoSprint,Remote,Data,,https://ats.rippling.com/cargosprint/jobs/fe782019-3086-44dd-a630-cd15c7859fb6,2026-05-15 15:59 UTC
rippling,96ff911d-8b4d-4ec6-8fc1-b33dbaa1bfb9,Teamcenter Data Architect,Accelint Holdings,"St. Paul, MN | Remote",Data,,https://ats.rippling.com/accelint-holdings-llc/jobs/96ff911d-8b4d-4ec6-8fc1-b33dbaa1bfb9,2026-05-15 15:59 UTC
rippling,bbd5824a-0f55-41b2-be29-9b63ec6cee81,Windchill Data Migration Developer,Accelint Holdings,Remote,Developer,,https://ats.rippling.com/accelint-holdings-llc/jobs/bbd5824a-0f55-41b2-be29-9b63ec6cee81,2026-05-15 15:59 UTC
rippling,8ee62dfb-9cab-4e4d-8491-b61340979070,Data Engineer,All Generation Tech,Remote,Data Engineer,,https://ats.rippling.com/all-generation-tech/jobs/8ee62dfb-9cab-4e4d-8491-b61340979070,2026-05-15 15:59 UTC
rippling,5ff3ceb6-3d21-46ed-a63c-c6f4920ea2d2,Data Governance Engineer,All Generation Tech,Remote,Engineer,,https://ats.rippling.com/all-generation-tech/jobs/5ff3ceb6-3d21-46ed-a63c-c6f4920ea2d2,2026-05-15 15:59 UTC
rippling,0dab8a64-4b0e-4a50-a69e-8706bce5afa2,Master Data Management Engineer,All Generation Tech,Remote,Engineer,,https://ats.rippling.com/all-generation-tech/jobs/0dab8a64-4b0e-4a50-a69e-8706bce5afa2,2026-05-15 15:59 UTC
rippling,f2b82c7f-7322-4108-ba9e-c278804f4f5d,AI & Data Engineer - Mid Role,All Generation Tech,Remote,Data Engineer,,https://ats.rippling.com/all-generation-tech/jobs/f2b82c7f-7322-4108-ba9e-c278804f4f5d,2026-05-15 15:59 UTC
rippling,d6f795d6-9e2d-4387-b3c0-3a84b3d00e79,Data Engineer,GenLogs,Remote,Data Engineer,,https://ats.rippling.com/genlogs-corporation/jobs/d6f795d6-9e2d-4387-b3c0-3a84b3d00e79,2026-05-15 15:59 UTC
rippling,127f98d1-b702-4395-a25c-0f7ebc98881b,Data Scientist,GenLogs,Remote,Data Scientist,,https://ats.rippling.com/genlogs-corporation/jobs/127f98d1-b702-4395-a25c-0f7ebc98881b,2026-05-15 15:59 UTC
rippling,1835839c-bc52-4b4d-beae-f4200c0ba244,Data Analyst - Custom Software,SPARK Business Works,"Kalamazoo, MI",Data Analyst,,https://ats.rippling.com/sparkbusinessworks/jobs/1835839c-bc52-4b4d-beae-f4200c0ba244,2026-05-15 15:59 UTC
rippling,1835839c-bc52-4b4d-beae-f4200c0ba244,Data Analyst - Custom Software,SPARK Business Works,"Grand Rapids, MI",Data Analyst,,https://ats.rippling.com/sparkbusinessworks/jobs/1835839c-bc52-4b4d-beae-f4200c0ba244,2026-05-15 15:59 UTC
rippling,a9ff8979-8727-4787-9c99-969b3ad7254b,Data Engineer,Sennos,"Durham, NC | Remote",Data Engineer,,https://ats.rippling.com/sennos/jobs/a9ff8979-8727-4787-9c99-969b3ad7254b,2026-05-15 15:59 UTC
smartrecruiters,744000126779464,"Laboratory Data Review Specialist,  Eurofins Environment Testing Southwest, Calscience, Tustin, CA",Eurofins,"Tustin, CA, us",Data,2026-05-16T01:02:15.901000+00:00,https://jobs.smartrecruiters.com/Eurofins/744000126779464,2026-05-16 22:40 UTC
ashby,6c1acfe8-a6c4-4a5d-bfd6-e219fdcb59d7,Data Analyst ,Perk,Barcelona,Data Analyst,2026-05-18T09:24:28.321000+00:00,https://jobs.ashbyhq.com/perk/6c1acfe8-a6c4-4a5d-bfd6-e219fdcb59d7/application,2026-05-18 11:06 UTC
ashby,062164cc-4114-4ae4-9b2f-3a8bf0437c3b,Data Engineer,Salmon Group,"Taguig, National Capital Region",Data Engineer,2026-05-18T07:42:08.957000+00:00,https://jobs.ashbyhq.com/salmon-group/062164cc-4114-4ae4-9b2f-3a8bf0437c3b/application,2026-05-18 11:06 UTC
greenhouse,5093011007,Data Transport Engineer,Clarityinnovates,"Herndon, VA and/or Columbia, MD",Engineer,2026-05-18T09:32:08-04:00,https://job-boards.greenhouse.io/clarityinnovates/jobs/5093011007,2026-05-18 13:36 UTC
greenhouse,4682199006,Clinical Data Specialist - Site Operations,Iterative Health,"Cambridge, Massachusetts",Data,2026-05-18T10:03:47-04:00,https://job-boards.greenhouse.io/iterativehealth/jobs/4682199006,2026-05-18 14:06 UTC
lever,762401c9-ec12-4dc8-b64f-586f6b76c47d,Data Analyst,Enablecomp,"Franklin, TN",Data Analyst,2026-05-18T14:23:29.968000+00:00,https://jobs.lever.co/enablecomp/762401c9-ec12-4dc8-b64f-586f6b76c47d/apply,2026-05-18 14:34 UTC
greenhouse,5222813008,Data Analyst,Analyticservicesinc,"Alexandria, VA",Data Analyst,2026-05-18T10:43:34-04:00,https://job-boards.greenhouse.io/analyticservicesinc/jobs/5222813008?gh_jid=5222813008,2026-05-18 14:46 UTC
greenhouse,5997935004,"Do Not Apply - Data Mining Engineer 5/18/2026, 8:54:02 AM",Builtinintegrationsandbox,Missouri,Engineer,2026-05-18T10:54:09-04:00,https://job-boards.greenhouse.io/builtinintegrationsandbox/jobs/5997935004,2026-05-18 14:56 UTC
greenhouse,5997944004,"Do Not Apply - Business Intelligence Analyst 5/18/2026, 9:06:21 AM",Builtinintegrationsandbox,Missouri,BI,2026-05-18T11:06:28-04:00,https://job-boards.greenhouse.io/builtinintegrationsandbox/jobs/5997944004,2026-05-18 15:16 UTC
greenhouse,5222362008,Knowledge Management / Data Governance Analyst,Analyticservicesinc,"Alexandria, VA",Analyst,2026-05-18T11:37:13-04:00,https://job-boards.greenhouse.io/analyticservicesinc/jobs/5222362008?gh_jid=5222362008,2026-05-18 15:46 UTC
greenhouse,4869766101,Data Center Engineer,Imc,United States,Engineer,2026-05-18T12:23:54-04:00,https://job-boards.eu.greenhouse.io/imc/jobs/4869766101,2026-05-18 16:26 UTC
greenhouse,5216149008,Data Solution Engineer,Racapitalmanagementllc,"Boston, MA",Engineer,2026-05-18T13:06:03-04:00,https://job-boards.greenhouse.io/racapitalmanagementllc/jobs/5216149008,2026-05-18 17:06 UTC
greenhouse,5988723004,"Software Engineer III, Data Platform",Agility Robotics,Remote,Software Engineer,2026-05-18T13:49:25-04:00,https://www.agilityrobotics.com/about/job-post?gh_jid=5988723004,2026-05-18 17:56 UTC
greenhouse,4680941006,Data Engineer,Sharkninjaoperatingllc,United States,Data Engineer,2026-05-18T11:39:46-04:00,https://job-boards.greenhouse.io/sharkninjaoperatingllc/jobs/4680941006,2026-05-18 17:56 UTC
greenhouse,5991114004,Clinical Data Review Asst - Temp,Natera,US Remote,Data,2026-05-18T13:59:53-04:00,https://job-boards.greenhouse.io/natera/jobs/5991114004,2026-05-18 18:06 UTC
greenhouse,7896291,"Data Scientist II, Experimentation",Pinterest,"San Francisco, CA, US; Remote, US",Data Scientist,2026-05-18T14:17:57-04:00,https://www.pinterestcareers.com/jobs/?gh_jid=7896291,2026-05-18 18:26 UTC
greenhouse,7816424,"Data Scientist II, Infrastructure",Pinterest,"San Francisco, CA, US; Remote, US",Data Scientist,2026-05-18T14:21:18-04:00,https://www.pinterestcareers.com/jobs/?gh_jid=7816424,2026-05-18 18:26 UTC
lever,385c5be8-aff2-4380-9f14-0a039856d484,"Assistant Vice President, Data Engineer",Harrisonst,"Chicago,  IL",Data Engineer,2026-05-18T20:52:35.729000+00:00,https://jobs.lever.co/harrisonst/385c5be8-aff2-4380-9f14-0a039856d484/apply,2026-05-18 20:53 UTC
greenhouse,5224376008,Cyber Data Engineer,D2Consulting,"Springfield, VA",Data Engineer,2026-05-18T16:55:31-04:00,https://job-boards.greenhouse.io/d2consulting/jobs/5224376008,2026-05-18 20:56 UTC
greenhouse,5996741004,"GTM Data Analyst, Growth Strategy",Charliehealth,"New York, NY",Data Analyst,2026-05-18T17:20:35-04:00,https://www.charliehealth.com/careers/current-openings?gh_jid=5996741004,2026-05-18 21:26 UTC
greenhouse,5998529004,Data Engineer,Ilia,Brasil,Data Engineer,2026-05-18T17:20:08-04:00,https://job-boards.greenhouse.io/ilia/jobs/5998529004,2026-05-18 21:26 UTC
greenhouse,8555703002,Specialist Solutions Architect - Data Warehouse,Databricks,United States,Data,2026-05-18T18:06:30-04:00,https://databricks.com/company/careers/open-positions/job?gh_jid=8555703002,2026-05-18 22:16 UTC
greenhouse,7738669003,Data-Driven Growth Specialist,Faraday Future,"El Segundo, California, United States",Data,2026-05-18T21:23:10-04:00,https://job-boards.greenhouse.io/faradayfuture/jobs/7738669003,2026-05-19 01:26 UTC
greenhouse,5198513008,Commercial HVAC Service Technician (Data Centers),Texasairsystems,"Lubbock, Texas",Data,2026-05-18T14:23:57-04:00,https://job-boards.greenhouse.io/texasairsystems/jobs/5198513008,2026-05-19 01:36 UTC
greenhouse,4869867101,Data Architect (gn) - Master Data Management,Thequalitygroupgmbh1,Hamburg (hybrid),Data,2026-05-18T13:54:11-04:00,https://job-boards.eu.greenhouse.io/thequalitygroupgmbh1/jobs/4869867101,2026-05-19 01:36 UTC
greenhouse,4869868101,Data Architect (gn) - Master Data Management,Thequalitygroupgmbh2,Hamburg (hybrid),Data,2026-05-18T13:54:12-04:00,https://job-boards.eu.greenhouse.io/thequalitygroupgmbh2/jobs/4869868101,2026-05-19 01:36 UTC
greenhouse,5140610007,Junior Data Engineer,Transmarketgroup,"Chicago, Illinois, United States",Data Engineer,2026-05-18T15:34:29-04:00,https://job-boards.greenhouse.io/transmarketgroup/jobs/5140610007?gh_jid=5140610007,2026-05-19 01:36 UTC
rippling,e4168ce1-d1cd-4776-82ae-496447b49eef,Data Security Engineer,CAQH,Remote,Engineer,2026-05-06T11:36:09.759000-07:00,https://ats.rippling.com/caqh/jobs/e4168ce1-d1cd-4776-82ae-496447b49eef,2026-05-19 02:51 UTC
greenhouse,8535251002,Product Owner-Anaplan Data Hub/Analytics,Anaplan,Gurugram,Data,2026-05-18T23:07:41-04:00,https://job-boards.greenhouse.io/anaplan/jobs/8535251002,2026-05-19 11:06 UTC
greenhouse,5999694004,"Do Not Apply - Big Data Engineer 5/19/2026, 5:20:30 AM",Builtinintegrationsandbox,Remote,Data Engineer,2026-05-19T07:20:37-04:00,https://job-boards.greenhouse.io/builtinintegrationsandbox/jobs/5999694004,2026-05-19 11:26 UTC
greenhouse,8552811002,Data Entry Clerk,Northwestadministratorsinc,"Federal Way, WA",Data,2026-05-19T09:16:08-04:00,https://job-boards.greenhouse.io/northwestadministratorsinc/jobs/8552811002,2026-05-19 13:16 UTC
greenhouse,7771746,Software Engineer (Data and AI Platform),Ovoenergy,Any of our offices,Software Engineer,2026-05-19T09:57:15-04:00,https://careers.ovo.com/?gh_jid=7771746,2026-05-19 14:06 UTC
greenhouse,5999801004,"Do Not Apply - Data Mining Engineer 5/19/2026, 8:08:50 AM",Builtinintegrationsandbox,Remote,Engineer,2026-05-19T10:09:00-04:00,https://job-boards.greenhouse.io/builtinintegrationsandbox/jobs/5999801004,2026-05-19 14:16 UTC
greenhouse,5141448007,Data Engineer Intern (Summer 2026),Fairlife,"Chicago, Illinois, United States",Data Engineer,2026-05-19T10:09:43-04:00,https://job-boards.greenhouse.io/fairlife/jobs/5141448007,2026-05-19 14:16 UTC
greenhouse,5141429007,(EG0034) Data Architect,Nortal,Latin America - Remote,Data,2026-05-19T10:57:12-04:00,https://job-boards.greenhouse.io/nortal/jobs/5141429007,2026-05-19 15:06 UTC
greenhouse,7942351,Financial Data Analyst,Equipmentsharecom,"Kansas City, MO",Data Analyst,2026-05-19T11:43:35-04:00,https://www.equipmentshare.com/careers/openings/?gh_jid=7942351,2026-05-19 15:46 UTC
ashby,15dc51e3-512c-45a2-b429-2e838103940e,Data Analyst Sênior,Skydropx,Brazil,Data Analyst,2026-05-19T15:47:46.752000+00:00,https://jobs.ashbyhq.com/skydropx/15dc51e3-512c-45a2-b429-2e838103940e/application,2026-05-19 15:56 UTC
greenhouse,7646781003,Software Engineer II - Data Warehousing,Klaviyo,"Boston, MA",Software Engineer,2026-05-19T12:43:33-04:00,https://www.klaviyo.com/careers/jobs?gh_jid=7646781003,2026-05-19 16:46 UTC
greenhouse,6000050004,"Do Not Apply - Marketing Data Analyst 5/19/2026, 11:04:56 AM",Builtinintegrationsandbox,Alaska,Data Analyst,2026-05-19T13:05:04-04:00,https://job-boards.greenhouse.io/builtinintegrationsandbox/jobs/6000050004,2026-05-19 17:06 UTC
greenhouse,7855302,Data Analyst - Product Data Science,Flatiron Health,NY office,Data Analyst,2026-05-19T13:16:19-04:00,https://flatiron.com/careers/open-positions/job?gh_jid=7855302,2026-05-19 17:26 UTC
greenhouse,6000104004,"Do Not Apply - Business Intelligence Analyst 5/19/2026, 11:33:28 AM",Builtinintegrationsandbox,Alaska,BI,2026-05-19T13:33:36-04:00,https://job-boards.greenhouse.io/builtinintegrationsandbox/jobs/6000104004,2026-05-19 17:36 UTC
greenhouse,5986741004,Data Analyst - Data Center Project Controls,Sbenergy,Remote,Data Analyst,2026-05-19T14:22:17-04:00,https://sbenergy.com/careers/?gh_jid=5986741004,2026-05-19 18:36 UTC
greenhouse,5225518008,Data Annotation Specialist,Federato,Remote,Data,2026-05-19T15:13:13-04:00,https://job-boards.greenhouse.io/federato/jobs/5225518008,2026-05-19 19:16 UTC
greenhouse,5225518008,Data Annotation Specialist,Federato,Remote,Data,2026-05-19T15:13:13-04:00,https://job-boards.greenhouse.io/federato/jobs/5225518008,2026-05-19 19:16 UTC
greenhouse,5225364008,Data Analyst,CharterUP,"Atlanta, Georgia",Data Analyst,2026-05-19T15:19:20-04:00,https://job-boards.greenhouse.io/charterup/jobs/5225364008,2026-05-19 19:26 UTC
greenhouse,4681116005,"DATA SCIENTIS III - ANALYTCS & MODELING - INTER PAG (São Paulo, SP)",Inter,"São Paulo, SP",Data,2026-05-19T15:39:20-04:00,https://boards.greenhouse.io/inter/jobs/4681116005?gh_jid=4681116005,2026-05-19 19:46 UTC
greenhouse,7943803,Data Analytics Consultant – Gaming Analytics,Bpcs,"Redmond, WA",Data,2026-05-19T16:09:24-04:00,https://job-boards.greenhouse.io/bpcs/jobs/7943803,2026-05-19 20:16 UTC
greenhouse,5225744008,Data Entry Specialist,Inspiraeducation,"New York City, New York",Data,2026-05-19T16:37:22-04:00,https://job-boards.greenhouse.io/inspiraeducation/jobs/5225744008,2026-05-19 20:46 UTC
ashby,ae96d8a4-3ce2-4807-a229-73f4e03cfaec,Data Analyst,Lemonade,NYC,Data Analyst,2026-05-19T21:10:05.727000+00:00,https://jobs.ashbyhq.com/lemonade/ae96d8a4-3ce2-4807-a229-73f4e03cfaec/application,2026-05-19 21:16 UTC
greenhouse,7944202,Data Scientist - Search,Nextdoor,US Remote,Data Scientist,2026-05-19T18:10:47-04:00,https://about.nextdoor.com/careers-list/?gh_jid=7944202,2026-05-19 22:16 UTC
greenhouse,7944246,Data Entry Specialist,Carvana,"Latham, NY",Data,2026-05-19T18:29:54-04:00,https://www.carvana.com/careers/apply?gh_jid=7944246,2026-05-19 22:36 UTC
ashby,cf467e1e-09a6-4ad0-9094-4f87e88ffe6a,Junior Data Engineer,Amboss,Berlin,Data Engineer,2026-05-20T09:25:50.181000+00:00,https://jobs.ashbyhq.com/amboss/cf467e1e-09a6-4ad0-9094-4f87e88ffe6a/application,2026-05-20 11:06 UTC
ashby,b0a32c5d-e3e1-4620-9f24-857fafabc599,Junior Data Analyst,Amboss,Berlin,Data Analyst,2026-05-20T09:39:30.590000+00:00,https://jobs.ashbyhq.com/amboss/b0a32c5d-e3e1-4620-9f24-857fafabc599/application,2026-05-20 11:06 UTC
greenhouse,4871604101,Finance Data Engineer,Helsing,Munich,Data Engineer,2026-05-20T06:09:42-04:00,https://helsing.ai/jobs/4871604101?gh_jid=4871604101,2026-05-20 11:16 UTC
greenhouse,6000814004,"Do Not Apply - Business Intelligence Analyst 5/20/2026, 5:35:32 AM",Builtinintegrationsandbox,Alaska,BI,2026-05-20T07:35:38-04:00,https://job-boards.greenhouse.io/builtinintegrationsandbox/jobs/6000814004,2026-05-20 11:46 UTC
greenhouse,8557864002,Technical Services Specialist (Data Migration),Alayacare,United States,Data,2026-05-20T08:19:47-04:00,https://alayacare.com/open-positions?gh_jid=8557864002,2026-05-20 12:26 UTC
greenhouse,6000891004,"Do Not Apply - Business Intelligence Analyst 5/20/2026, 6:43:49 AM",Builtinintegrationsandbox,Alaska,BI,2026-05-20T08:43:52-04:00,https://job-boards.greenhouse.io/builtinintegrationsandbox/jobs/6000891004,2026-05-20 12:46 UTC
ashby,5d1fc08d-7ec7-4fca-bf56-18bcfe924f11,Data Analyst ,Careerstrengo,Utrecht office,Data Analyst,2026-05-20T12:50:52.634000+00:00,https://jobs.ashbyhq.com/careerstrengo/5d1fc08d-7ec7-4fca-bf56-18bcfe924f11/application,2026-05-20 12:56 UTC
ashby,3921e560-833e-420f-8166-7e50246b2c0d,Data Analyst,Hirehangar,South Africa - Cape Town,Data Analyst,2026-05-20T12:55:20.902000+00:00,https://jobs.ashbyhq.com/hirehangar/3921e560-833e-420f-8166-7e50246b2c0d/application,2026-05-20 12:56 UTC
ashby,3c708fbc-3ef1-437f-b45b-7277ed2e3adf,Junior Data Analyst,Hirehangar,South Africa - Cape Town,Data Analyst,2026-05-20T12:55:10.715000+00:00,https://jobs.ashbyhq.com/hirehangar/3c708fbc-3ef1-437f-b45b-7277ed2e3adf/application,2026-05-20 12:56 UTC
ashby,891d2905-4cf2-432e-9644-f3c0c6500a4f,Data Analyst - Analytics Engineering,Satispay,"Milan, Italy",Data Analyst,2026-05-20T13:14:01.460000+00:00,https://jobs.ashbyhq.com/satispay/891d2905-4cf2-432e-9644-f3c0c6500a4f/application,2026-05-20 13:15 UTC
greenhouse,7835757,Data & AI Adoption Intern,Betsson,Malta,Data,2026-05-20T09:27:21-04:00,https://job-boards.greenhouse.io/betsson/jobs/7835757,2026-05-20 13:36 UTC
ashby,e53c5be6-5c1a-4870-ad85-8397a1f201de,Data Engineer,ElevenLabs,United Kingdom,Data Engineer,2026-05-20T14:09:56.244000+00:00,https://jobs.ashbyhq.com/elevenlabs/e53c5be6-5c1a-4870-ad85-8397a1f201de/application,2026-05-20 14:16 UTC
greenhouse,4251304009,Talent Acquisition Specialist – AI & Data Centers,Hanwhaenergyusa,"Houston, TX",Data,2026-05-20T11:26:21-04:00,https://job-boards.greenhouse.io/hanwhaenergyusa/jobs/4251304009,2026-05-20 15:36 UTC
greenhouse,4872127101,Data Analytics Engineer,Nscaleoperationsukltd,AMER,Analytics Engineer,2026-05-20T11:59:34-04:00,https://job-boards.eu.greenhouse.io/nscaleoperationsukltd/jobs/4872127101,2026-05-20 16:06 UTC
greenhouse,7947066,Data Platform Engineer,Artisanpartners,"Milwaukee, WI",Engineer,2026-05-20T12:27:12-04:00,https://www.artisanpartners.com/careers/career-opportunities.html?gh_jid=7947066,2026-05-20 16:36 UTC
greenhouse,4682843006,Product Operations Batch Monitoring & Data Analyst,Accenturefederalservices,"Arlington, VA",Data Analyst,2026-05-20T12:50:56-04:00,https://boards.greenhouse.io/accenturefederalservices/jobs/4682843006?gh_jid=4682843006,2026-05-20 16:56 UTC
greenhouse,8557380002,Data Center Technician,Eositsolutions,"Kuna, Idaho, United States",Data,2026-05-20T13:21:26-04:00,https://eosits.com/company/careers/?gh_jid=8557380002,2026-05-20 17:26 UTC
greenhouse,8557409002,Data Center Technician,Eositsolutions,"Hillsboro, Oregon, United States",Data,2026-05-20T13:21:06-04:00,https://eosits.com/company/careers/?gh_jid=8557409002,2026-05-20 17:26 UTC
greenhouse,4253703009,Data Labeling Specialist,Authenticx,"Indianapolis, IN (Preferred) or United States-Remote",Data,2026-05-20T14:29:56-04:00,https://job-boards.greenhouse.io/authenticx/jobs/4253703009,2026-05-20 18:36 UTC
greenhouse,8532506002,Data Analytics Investor Reporting - Associate,iCapital Network,"Salt Lake City, Utah, United States",Data,2026-05-20T16:14:07-04:00,https://job-boards.greenhouse.io/icapitalnetwork/jobs/8532506002,2026-05-20 20:26 UTC
greenhouse,5227188008,Research Scheduler/Data Entry (Bilingual - preferred) - ACT Medical Park (Chandler),Arizonaliverhealth,"Chandler, AZ",Data,2026-05-20T16:55:46-04:00,https://azliver.com/careers-all-open-positions/?gh_jid=5227188008,2026-05-20 21:06 UTC
greenhouse,8558844002,"Data Analyst, Customer Success",Acrisureinnovation,"Austin, TX",Data Analyst,2026-05-20T17:17:51-04:00,https://job-boards.greenhouse.io/acrisureinnovation/jobs/8558844002,2026-05-20 21:26 UTC
greenhouse,7948183,Performance/Data Analyst,Ardentmc,"Washington, D.C. Metro",Data Analyst,2026-05-20T17:59:13-04:00,https://boards.greenhouse.io/ardentmc/jobs/7948183?gh_jid=7948183,2026-05-20 22:06 UTC
greenhouse,5227296008,Business Intelligence & Data Analytics Intern (Undergraduate),Jobsatphamily,"New York, NY",Data,2026-05-20T17:49:57-04:00,https://job-boards.greenhouse.io/jobsatphamily/jobs/5227296008,2026-05-20 22:06 UTC
greenhouse,7899338,Educational Data Analytst,Newsela,Remote - US,Data,2026-05-20T18:13:24-04:00,https://job-boards.greenhouse.io/newsela/jobs/7899338,2026-05-20 22:16 UTC
greenhouse,4697291005,Business Intelligence Analyst,Impinjexternal,"Seattle, Washington, United States",BI,2026-05-20T18:23:23-04:00,https://job-boards.greenhouse.io/impinjexternal/jobs/4697291005,2026-05-20 22:26 UTC
greenhouse,4254540009,Applied Data Science Intern,Evolver,"Palo Alto, CA",Data,2026-05-20T18:50:47-04:00,https://job-boards.greenhouse.io/evolver/jobs/4254540009,2026-05-20 22:56 UTC
greenhouse,6001684004,"Floater Phlebotomist Data Entry Analyst - Fairfax, VA - Temp",Natera,"Fairfax, VA",Analyst,2026-05-20T21:30:56-04:00,https://job-boards.greenhouse.io/natera/jobs/6001684004,2026-05-21 01:36 UTC
greenhouse,7930151,"Product Counsel, Data Products",Stripe,US remote,Data,2026-05-20T16:56:21-04:00,https://stripe.com/jobs/search?gh_jid=7930151,2026-05-21 02:56 UTC
ashby,710287ed-5596-47a1-b0bc-3fb44ba720b0,Data Engineer,Luxor,"Worldwide, Remote",Data Engineer,2026-05-21T08:18:03.884000+00:00,https://jobs.ashbyhq.com/luxor/710287ed-5596-47a1-b0bc-3fb44ba720b0/application,2026-05-21 11:05 UTC
greenhouse,7949085,"Student Life, Data & Admin. Agent",Alu,Rwanda,Data,2026-05-21T01:55:07-04:00,https://job-boards.greenhouse.io/alu/jobs/7949085,2026-05-21 11:16 UTC
greenhouse,7733826003,Data Engineer,Dunnhumby,Gurgaon,Data Engineer,2026-05-21T02:26:06-04:00,https://job-boards.greenhouse.io/dunnhumby/jobs/7733826003,2026-05-21 11:16 UTC
ashby,857577ec-2f55-4154-82cd-7752353b3ae1,Data Analyst (Growth),Salmon Group,Kazakhstan,Data Analyst,2026-05-21T11:44:37.193000+00:00,https://jobs.ashbyhq.com/salmon-group/857577ec-2f55-4154-82cd-7752353b3ae1/application,2026-05-21 11:46 UTC
greenhouse,7776312,Data Scientist,Asana,San Francisco,Data Scientist,2026-05-21T11:04:57-04:00,https://www.asana.com/jobs/apply/7776312?gh_jid=7776312,2026-05-21 15:06 UTC
greenhouse,6002579004,"Do Not Apply - Healthcare Data Scientist 5/21/2026, 9:14:35 AM",Builtinintegrationsandbox,Alaska,Data Scientist,2026-05-21T11:14:38-04:00,https://job-boards.greenhouse.io/builtinintegrationsandbox/jobs/6002579004,2026-05-21 15:16 UTC
ashby,af3d06a6-193b-47db-8551-5ff2542fe136,Data Analyst Intern ,Thndr,Cairo Office,Data Analyst,2026-05-21T15:46:26.687000+00:00,https://jobs.ashbyhq.com/thndr/af3d06a6-193b-47db-8551-5ff2542fe136/application,2026-05-21 15:56 UTC
ashby,f77d1ce1-bdc0-4d71-b197-430cf816d23c,Data Engineer,Wisp,United States,Data Engineer,2026-05-21T16:15:00.798000+00:00,https://jobs.ashbyhq.com/wisp/f77d1ce1-bdc0-4d71-b197-430cf816d23c/application,2026-05-21 16:16 UTC
ashby,9c5ad244-68f2-499c-895f-93c908318f52,Data Analyst Intern,Meshy,Bay Area Office,Data Analyst,2026-05-21T16:29:38.004000+00:00,https://jobs.ashbyhq.com/meshy/9c5ad244-68f2-499c-895f-93c908318f52/application,2026-05-21 16:35 UTC
hn,hn:47976359,Data Engineer,Mapbox is hiring a Geospatial Data Engineer on our Boundaries team. We use postg,,Data Engineer,,https://news.ycombinator.com/item?id=47976359,2026-05-21 16:45 UTC
hn,hn:47978222,Data Engineer,Revio Insight,Remote (US),Data Engineer,,https://news.ycombinator.com/item?id=47978222,2026-05-21 16:45 UTC
hn,hn:47979994,"Machine Learning Engineer, Data Engineer",ML6,"Python, TensorFlow, PyTorch, GCP, AWS, Azure",Data Engineer,,https://news.ycombinator.com/item?id=47979994,2026-05-21 16:45 UTC
hn,hn:47981106,"Data Engineer, Full Stack Engineers (Sr & Staff/Lead), Sr. Product Manager",COVU,San Francisco (Hybrid) or REMOTE (US),Data Engineer,,https://news.ycombinator.com/item?id=47981106,2026-05-21 16:45 UTC
hn,hn:48013978,"Sr/Staff Software Engineers, PM, Data Analyst",Oscilar.com,REMOTE (US/Canada/Brazil/Poland/UK),Data Analyst,,https://news.ycombinator.com/item?id=48013978,2026-05-21 16:45 UTC
hn,hn:48055606,Product engineer + data engineer,Gridmatic,175-235k + equity,Data Engineer,,https://news.ycombinator.com/item?id=48055606,2026-05-21 16:45 UTC
builtin,builtin:9450000,"Data Analyst - Data and Automation - Enterprise Data Analytics (SQL, Hadoop, Hive, Python)",,,Data Analyst,,https://builtin.com/job/data-analyst-data-and-automation-enterprise-data-analytics-sql-hadoop-hive-python/9450000,2026-05-21 16:45 UTC
builtin,builtin:9297245,"Data Analyst, Growth",,In-Office,Data Analyst,,https://builtin.com/job/data-analyst-growth/9297245,2026-05-21 16:45 UTC
builtin,builtin:9438792,Python Data Analyst,,In-Office,Data Analyst,,https://builtin.com/job/python-data-analyst/9438792,2026-05-21 16:45 UTC
greenhouse,7948362,Data Scientist - Search,Nextdoor,US Remote,Data Scientist,2026-05-21T12:41:29-04:00,https://about.nextdoor.com/careers-list/?gh_jid=7948362,2026-05-21 16:56 UTC
greenhouse,4682217006,"Intern, Data Research",Perscholashires,United States,Data,2026-05-21T12:53:36-04:00,https://job-boards.greenhouse.io/perscholashires/jobs/4682217006,2026-05-21 16:56 UTC
lever,55e6dfc9-fe22-4dec-80ae-8d4ec6e46b39,Occupational Safety and Health Data Analyst,Erg,"Fairfax, VA",Data Analyst,2026-05-21T17:06:03.680000+00:00,https://jobs.lever.co/erg/55e6dfc9-fe22-4dec-80ae-8d4ec6e46b39/apply,2026-05-21 17:13 UTC
greenhouse,8526737002,Data Architect (Remote),Axiom,"Boston, Massachusetts, United States; New York, New York, United States; Raleigh, North Carolina, United States; Washington, District of Columbia, United States",Data,2026-05-21T13:17:30-04:00,https://www.axiomlaw.com/careers/headquarters/available-positions?job=8526737002&gh_jid=8526737002,2026-05-21 17:26 UTC
greenhouse,4255221009,Supply Chain Data Analyst,Bevicareers,Boston,Data Analyst,2026-05-21T13:31:12-04:00,https://job-boards.greenhouse.io/bevicareers/jobs/4255221009,2026-05-21 17:37 UTC
greenhouse,5227969008,Vertiv HVAC Service Technician (Data Center),Texasairsystems,"Irving, Texas",Data,2026-05-21T13:02:32-04:00,https://job-boards.greenhouse.io/texasairsystems/jobs/5227969008,2026-05-21 17:37 UTC
greenhouse,5999845004,Data Engineer,Veterinaryemergencygroupst,"VEG Headquarters, White Plains, NY",Data Engineer,2026-05-21T11:38:04-04:00,https://boards.greenhouse.io/veterinaryemergencygroupst/jobs/5999845004?gh_jid=5999845004,2026-05-21 17:37 UTC
ashby,aa49b861-8cbd-4997-89f8-a7614bebfd8a,Data Engineer,Promise,San Francisco,Data Engineer,2026-05-21T19:49:06.938000+00:00,https://jobs.ashbyhq.com/promise/aa49b861-8cbd-4997-89f8-a7614bebfd8a/application,2026-05-21 19:56 UTC
greenhouse,5228309008,"Analyst, Insights, Data & Intelligence",Bursonglobalcareers,"Atlanta, Georgia, United States",Analyst,2026-05-21T16:02:36-04:00,https://www.bursonglobal.com/careers/jobs?gh_jid=5228309008,2026-05-21 20:06 UTC
greenhouse,5228298008,"Associate Analyst, Insights, Data & Intelligence",Bursonglobalcareers,"Boston, Massachusetts, United States",Analyst,2026-05-21T15:55:18-04:00,https://www.bursonglobal.com/careers/jobs?gh_jid=5228298008,2026-05-21 20:06 UTC
greenhouse,5228302008,"Associate Analyst, Insights, Data & Intelligence",Bursonglobalcareers,"Dallas, Texas, United States",Analyst,2026-05-21T15:55:21-04:00,https://www.bursonglobal.com/careers/jobs?gh_jid=5228302008,2026-05-21 20:06 UTC
greenhouse,5228301008,"Associate Analyst, Insights, Data & Intelligence",Bursonglobalcareers,"Miami, Florida, United States",Analyst,2026-05-21T15:55:20-04:00,https://www.bursonglobal.com/careers/jobs?gh_jid=5228301008,2026-05-21 20:06 UTC
greenhouse,5228296008,"Associate Analyst, Insights, Data & Intelligence",Bursonglobalcareers,"Los Angeles, California, United States",Analyst,2026-05-21T15:55:18-04:00,https://www.bursonglobal.com/careers/jobs?gh_jid=5228296008,2026-05-21 20:06 UTC
greenhouse,5228295008,"Associate Analyst, Insights, Data & Intelligence",Bursonglobalcareers,"Austin, Texas, United States",Analyst,2026-05-21T15:55:16-04:00,https://www.bursonglobal.com/careers/jobs?gh_jid=5228295008,2026-05-21 20:06 UTC
greenhouse,5228291008,"Associate Analyst, Insights, Data & Intelligence",Bursonglobalcareers,"Washington, District of Columbia, United States",Analyst,2026-05-21T15:55:15-04:00,https://www.bursonglobal.com/careers/jobs?gh_jid=5228291008,2026-05-21 20:06 UTC
greenhouse,5228290008,"Associate Analyst, Insights, Data & Intelligence",Bursonglobalcareers,"New York, New York, United States",Analyst,2026-05-21T15:55:14-04:00,https://www.bursonglobal.com/careers/jobs?gh_jid=5228290008,2026-05-21 20:06 UTC
greenhouse,5228280008,"Associate Analyst, Insights, Data & Intelligence",Bursonglobalcareers,"Atlanta, Georgia, United States",Analyst,2026-05-21T15:50:24-04:00,https://www.bursonglobal.com/careers/jobs?gh_jid=5228280008,2026-05-21 20:06 UTC
greenhouse,5228357008,"Analyst, Insights, Data & Intelligence",Bursonglobalcareers,"Dallas, Texas, United States",Analyst,2026-05-21T16:12:19-04:00,https://www.bursonglobal.com/careers/jobs?gh_jid=5228357008,2026-05-21 20:16 UTC
greenhouse,5228351008,"Analyst, Insights, Data & Intelligence",Bursonglobalcareers,"Miami, Florida, United States",Analyst,2026-05-21T16:12:17-04:00,https://www.bursonglobal.com/careers/jobs?gh_jid=5228351008,2026-05-21 20:16 UTC
greenhouse,5228344008,"Analyst, Insights, Data & Intelligence",Bursonglobalcareers,"Boston, Massachusetts, United States",Analyst,2026-05-21T16:12:16-04:00,https://www.bursonglobal.com/careers/jobs?gh_jid=5228344008,2026-05-21 20:16 UTC
greenhouse,5228312008,"Analyst, Insights, Data & Intelligence",Bursonglobalcareers,"New York, New York, United States",Analyst,2026-05-21T16:09:24-04:00,https://www.bursonglobal.com/careers/jobs?gh_jid=5228312008,2026-05-21 20:16 UTC
greenhouse,5228341008,"Analyst, Insights, Data & Intelligence",Bursonglobalcareers,"Austin, Texas, United States",Analyst,2026-05-21T16:12:15-04:00,https://www.bursonglobal.com/careers/jobs?gh_jid=5228341008,2026-05-21 20:16 UTC
greenhouse,5228339008,"Analyst, Insights, Data & Intelligence",Bursonglobalcareers,"Washington, District of Columbia, United States",Analyst,2026-05-21T16:09:26-04:00,https://www.bursonglobal.com/careers/jobs?gh_jid=5228339008,2026-05-21 20:16 UTC
greenhouse,5228315008,"Analyst, Insights, Data & Intelligence",Bursonglobalcareers,"Los Angeles, California, United States",Analyst,2026-05-21T16:09:25-04:00,https://www.bursonglobal.com/careers/jobs?gh_jid=5228315008,2026-05-21 20:16 UTC
greenhouse,5228352008,Business Intelligence Analyst,Renaissancelearning Nam,Remote - US,BI,2026-05-21T16:11:37-04:00,https://job-boards.greenhouse.io/renaissancelearning-nam/jobs/5228352008,2026-05-21 20:56 UTC
greenhouse,7746515003,AI Data Scientist,Hunterdouglas,"Broomfield, CO, United States",Data Scientist,2026-05-21T17:56:57-04:00,https://jobs.hunterdouglas.com/division/hunterdouglas/job/7746515003?gh_jid=7746515003,2026-05-21 22:06 UTC
greenhouse,7887090,Data & Reporting Analyst,Collective Health,"Lehi, UT | Plano, TX",Reporting Analyst,2026-05-21T18:23:34-04:00,https://jobs.collectivehealth.com/apply/?gh_jid=7887090,2026-05-21 22:26 UTC
greenhouse,8561499002,"Data Engineer, Human Cohorts",Calico,"South San Francisco, CA",Data Engineer,2026-05-21T19:30:05-04:00,https://www.calicolabs.com/careers/?gh_jid=8561499002,2026-05-21 23:36 UTC
greenhouse,5998699004,Data Infrastructure Engineer,Paypay,Hybrid,Engineer,2026-05-22T03:49:28-04:00,https://job-boards.greenhouse.io/paypay/jobs/5998699004,2026-05-22 11:06 UTC
greenhouse,8545951002,Data Engineer 3,Xpinc,"São Paulo, SP",Data Engineer,2026-05-22T08:25:03-04:00,https://job-boards.greenhouse.io/xpinc/jobs/8545951002,2026-05-22 13:07 UTC
ashby,29c55022-37dd-4fec-9eda-e0ab0f6baf07,Data Analyst ,Obrio,Remote – Ukraine,Data Analyst,2026-05-22T13:08:06.338000+00:00,https://jobs.ashbyhq.com/obrio/29c55022-37dd-4fec-9eda-e0ab0f6baf07/application,2026-05-22 13:16 UTC
greenhouse,5222669008,CMC Data & AI Summer Intern,Discmedicine,Massachusetts - Hybrid,Data,2026-05-22T09:43:57-04:00,https://job-boards.greenhouse.io/discmedicine/jobs/5222669008,2026-05-22 13:46 UTC
greenhouse,6003585004,Data Scientist,Ntconcepts,"Herndon, VA",Data Scientist,2026-05-22T09:49:53-04:00,https://job-boards.greenhouse.io/ntconcepts/jobs/6003585004,2026-05-22 13:56 UTC
greenhouse,4874028101,Data Analyst - Fincrime Reporting,Ebury,Málaga,Data Analyst,2026-05-22T10:18:00-04:00,https://ebury.com/company/careers/job?gh_jid=4874028101,2026-05-22 14:26 UTC
ashby,2b8f2fdf-d775-4fcc-9a8a-7b83d7972fa3,Data Engineer,Bjakcareer,Malaysia,Data Engineer,2026-05-22T14:27:49.747000+00:00,https://jobs.ashbyhq.com/bjakcareer/2b8f2fdf-d775-4fcc-9a8a-7b83d7972fa3/application,2026-05-22 14:36 UTC
greenhouse,8561953002,Data Center RunOps Technician,Eositsolutions,"Ashburn, Virginia, United States",Data,2026-05-22T11:12:07-04:00,https://eosits.com/company/careers/?gh_jid=8561953002,2026-05-22 15:16 UTC
greenhouse,4869777101,Data Engineer Consultant - NYC,Indiciumai,New York City,Data Engineer,2026-05-22T12:06:48-04:00,https://job-boards.eu.greenhouse.io/indiciumai/jobs/4869777101,2026-05-22 16:16 UTC
greenhouse,4683855006,Data Visualization Specialist,Accenturefederalservices,"Suitland, MD",Data,2026-05-22T12:26:18-04:00,https://boards.greenhouse.io/accenturefederalservices/jobs/4683855006?gh_jid=4683855006,2026-05-22 16:36 UTC
greenhouse,5145371007,Data Science Associate,Clara,Latin America,Data,2026-05-22T12:33:32-04:00,https://job-boards.greenhouse.io/clara/jobs/5145371007,2026-05-22 16:36 UTC
greenhouse,4698824005,Data Engineer II,Instridehealth,"Remote, US",Data Engineer,2026-05-22T12:39:34-04:00,https://job-boards.greenhouse.io/instridehealth/jobs/4698824005,2026-05-22 16:46 UTC
greenhouse,8562396002,Clinical Data Analyst,Centriaautism,"Farmington Hills, Michigan, United States",Data Analyst,2026-05-22T13:43:11-04:00,https://job-boards.greenhouse.io/centriaautism/jobs/8562396002,2026-05-22 17:56 UTC
ashby,6951fb04-478b-46f5-b918-123a69a28925,Data Analyst,Haydenai,San Francisco HQ Office,Data Analyst,2026-05-22T19:41:49.477000+00:00,https://jobs.ashbyhq.com/haydenai/6951fb04-478b-46f5-b918-123a69a28925/application,2026-05-22 19:45 UTC
greenhouse,4252690009,Data Engineer,Hasbro,"Boston, Massachusetts, United States",Data Engineer,2026-05-22T16:13:05-04:00,https://job-boards.greenhouse.io/hasbro/jobs/4252690009,2026-05-22 20:16 UTC
ashby,cd805abe-f973-4cc9-a21b-c3a4bb72fc7c,Geospatial Data Engineer,Pano Ai,US - Remote,Data Engineer,2026-05-22T20:24:14.300000+00:00,https://jobs.ashbyhq.com/pano-ai/cd805abe-f973-4cc9-a21b-c3a4bb72fc7c/application,2026-05-22 20:25 UTC
greenhouse,7672834003,"Managing Counsel, Privacy and Data Security",La2028,"Los Angeles, California, United States",Data,2026-05-22T18:36:39-04:00,https://job-boards.greenhouse.io/la2028/jobs/7672834003,2026-05-22 22:46 UTC
greenhouse,7747343003,"Managing Counsel, Privacy and Data Security",La28Careers,"Los Angeles, California, United States",Data,2026-05-22T18:36:41-04:00,https://job-boards.greenhouse.io/la28careers/jobs/7747343003,2026-05-22 22:46 UTC
greenhouse,6000423004,"Forward-Deployed Engineer, Data Centers",Sbenergy,California,Engineer,2026-05-22T18:48:10-04:00,https://sbenergy.com/careers/?gh_jid=6000423004,2026-05-22 23:16 UTC
greenhouse,5228008008,Data Annotation Specialist,Botauto,"Houston, TX",Data,2026-05-22T19:31:36-04:00,https://job-boards.greenhouse.io/botauto/jobs/5228008008,2026-05-22 23:36 UTC
greenhouse,4253411009,"Business Development Specialist – Energy, Infrastructure, Data Centers and ESG",Gibsondunn,Houston; New York,Data,2026-05-22T19:46:12-04:00,https://job-boards.greenhouse.io/gibsondunn/jobs/4253411009,2026-05-22 23:56 UTC
greenhouse,5116820008,"Data Scientist, Platform Product",Anthropic,"New York City, NY | Seattle, WA; San Francisco, CA",Data Scientist,2026-05-25T05:25:19-04:00,https://job-boards.greenhouse.io/anthropic/jobs/5116820008,2026-05-25 11:06 UTC
ashby,a8a0f74d-f4b0-44e4-a1db-48cfeaf2039a,Data Analyst (Fulfilment) ,Nivoda,Remote - European timezone,Data Analyst,2026-05-25T12:24:50.689000+00:00,https://jobs.ashbyhq.com/nivoda/a8a0f74d-f4b0-44e4-a1db-48cfeaf2039a/application,2026-05-25 12:25 UTC
ashby,a5daefce-3049-464d-94f0-a4e31d9d1fdd,Data Analyst,Hirehangar,South Africa - Cape Town,Data Analyst,2026-05-25T16:38:37.331000+00:00,https://jobs.ashbyhq.com/hirehangar/a5daefce-3049-464d-94f0-a4e31d9d1fdd/application,2026-05-25 16:45 UTC
greenhouse,5216628008,Data Engineer,Vulcanelements,"Research Triangle Park, NC",Data Engineer,2026-05-25T07:02:05-04:00,https://job-boards.greenhouse.io/vulcanelements/jobs/5216628008,2026-05-26 01:27 UTC
greenhouse,7748210003,Data Scientist (5190),Ess,"Arlington, VA",Data Scientist,2026-05-26T09:07:00-04:00,https://job-boards.greenhouse.io/ess/jobs/7748210003,2026-05-26 13:26 UTC
greenhouse,4253456009,Knowledge Management Data Steward – Transactions & Regulatory,Gibsondunn,Century City,Data,2026-05-26T07:59:47-04:00,https://job-boards.greenhouse.io/gibsondunn/jobs/4253456009,2026-05-26 13:26 UTC
greenhouse,4258812009,Pricing Data Scientist,Fetch,Remote,Data Scientist,2026-05-26T10:37:24-04:00,https://job-boards.greenhouse.io/fetch/jobs/4258812009,2026-05-26 14:46 UTC
greenhouse,4683208006,Data Engineer,Accenturefederalservices,"Arlington, VA",Data Engineer,2026-05-26T10:57:08-04:00,https://boards.greenhouse.io/accenturefederalservices/jobs/4683208006?gh_jid=4683208006,2026-05-26 15:06 UTC
greenhouse,4683233006,Data Engineer,Accenturefederalservices,"Arlington, VA",Data Engineer,2026-05-26T10:58:34-04:00,https://boards.greenhouse.io/accenturefederalservices/jobs/4683233006?gh_jid=4683233006,2026-05-26 15:06 UTC
greenhouse,4683265006,Data Scientist,Accenturefederalservices,"Arlington, VA",Data Scientist,2026-05-26T11:01:05-04:00,https://boards.greenhouse.io/accenturefederalservices/jobs/4683265006?gh_jid=4683265006,2026-05-26 15:06 UTC
greenhouse,4683257006,Data Scientist,Accenturefederalservices,"Arlington, VA",Data Scientist,2026-05-26T10:59:46-04:00,https://boards.greenhouse.io/accenturefederalservices/jobs/4683257006?gh_jid=4683257006,2026-05-26 15:06 UTC
greenhouse,4257698009,Data Scientist,Amendconsulting,"Cincinnati, Ohio, United States",Data Scientist,2026-05-26T11:29:47-04:00,https://job-boards.greenhouse.io/amendconsulting/jobs/4257698009,2026-05-26 15:36 UTC
greenhouse,4696334005,DATA ANALYTICS COORDINATOR,Inter,"Belo Horizonte, MG",Data,2026-05-26T11:27:02-04:00,https://boards.greenhouse.io/inter/jobs/4696334005?gh_jid=4696334005,2026-05-26 15:36 UTC
greenhouse,4680954006,ETL/Data Engineer,Orioninnovation,"Montvale, New Jersey, United States",Data Engineer,2026-05-26T11:50:20-04:00,https://www.orioninc.com/careers/job/?gh_jid=4680954006,2026-05-26 15:56 UTC
greenhouse,7930317,Data Protection Specialist - 5 Month Fixed Term Contract,Ovoenergy,Any of our offices,Data,2026-05-26T11:43:53-04:00,https://careers.ovo.com/?gh_jid=7930317,2026-05-26 15:56 UTC
greenhouse,8562469002,Data Center Technician,Eositsolutions,"Kuna, Idaho, United States",Data,2026-05-26T12:43:16-04:00,https://eosits.com/company/careers/?gh_jid=8562469002,2026-05-26 16:46 UTC
ashby,4b04f6f7-d1db-4096-9db0-53c31f1195c9,Data Analyst ,Andela,North America,Data Analyst,2026-05-26T16:52:55.169000+00:00,https://jobs.ashbyhq.com/andela/4b04f6f7-d1db-4096-9db0-53c31f1195c9/application,2026-05-26 16:55 UTC
greenhouse,6006050004,Data Engineer,Cleerlyhealth,"New York, New York, United States",Data Engineer,2026-05-26T12:54:36-04:00,https://cleerlyhealth.com/careers-board?gh_jid=6006050004,2026-05-26 17:06 UTC
greenhouse,5219884008,Data Analyst,Murj,Remote - US,Data Analyst,2026-05-26T13:33:01-04:00,https://job-boards.greenhouse.io/murj/jobs/5219884008,2026-05-26 17:36 UTC
lever,654ff1e6-c91e-4205-a359-42d01c0ac153,Data Engineer -  Wrapped - Fixed Term,Spotify,"New York, NY",Data Engineer,2026-05-26T16:23:11.881000+00:00,https://jobs.lever.co/spotify/654ff1e6-c91e-4205-a359-42d01c0ac153/apply,2026-05-26 17:44 UTC
greenhouse,4248564009,"Data Engineer (Remote, US)",Sayari,Remote - US,Data Engineer,2026-05-26T12:48:44-04:00,https://job-boards.greenhouse.io/sayari/jobs/4248564009,2026-05-26 18:26 UTC
greenhouse,5123131007,Data Scientist,Eclinicalsolutions,"Mansfield, MA (Remote)",Data Scientist,2026-05-26T14:52:00-04:00,https://job-boards.greenhouse.io/eclinicalsolutions/jobs/5123131007,2026-05-26 18:56 UTC
ashby,ef99c43f-8aef-495c-84e7-36663cd73369,Data Analyst,Crusoe,"San Francisco, CA - US",Data Analyst,2026-05-26T20:08:50.185000+00:00,https://jobs.ashbyhq.com/crusoe/ef99c43f-8aef-495c-84e7-36663cd73369/application,2026-05-26 20:16 UTC
ashby,21cad7b8-546a-40a1-9a37-cde266201821,Forward Deployed Data Engineer,Datafold,USA,Data Engineer,2026-05-26T20:14:11.502000+00:00,https://jobs.ashbyhq.com/datafold/21cad7b8-546a-40a1-9a37-cde266201821/application,2026-05-26 20:16 UTC
lever,acf0afff-c65a-4b20-b47d-75c29a3ec561,Data Engineer,Redhorsecorp,"Arlington, VA",Data Engineer,2026-05-26T20:21:16.887000+00:00,https://jobs.lever.co/redhorsecorp/acf0afff-c65a-4b20-b47d-75c29a3ec561/apply,2026-05-26 20:23 UTC
greenhouse,7668146003,"Systems Engineer, Integrations (Data and Systems)",Fivetran,"Oakland, California, United States, AMER",Engineer,2026-05-26T16:07:20-04:00,https://www.fivetran.com/careers/job?gh_jid=7668146003,2026-05-26 20:26 UTC
greenhouse,7958627,Data Engineer,Greenthumbindustries,"Chicago, Illinois, United States",Data Engineer,2026-05-26T16:46:27-04:00,https://job-boards.greenhouse.io/greenthumbindustries/jobs/7958627,2026-05-26 20:56 UTC
lever,e6989fd7-3d1d-4bd3-9551-71e0a4b64fb9,Data Analyst - Taxonomy and Classification - 1030,Economicmodeling,"Moscow, ID",Data Analyst,2026-05-26T20:30:22.687000+00:00,https://jobs.lever.co/economicmodeling/e6989fd7-3d1d-4bd3-9551-71e0a4b64fb9/apply,2026-05-26 21:03 UTC
greenhouse,5208115008,"Data Scientist, Marketing",Scopely,"US - San Francisco, United States; US - Sunnyvale, United States",Data Scientist,2026-05-26T16:53:17-04:00,https://job-boards.greenhouse.io/scopely/jobs/5208115008,2026-05-26 21:06 UTC
greenhouse,4699016005,AI Data Quality Analyst (Human-in-the-Loop),Nimblegravity,LATAM (Remote),Analyst,2026-05-26T17:42:43-04:00,https://job-boards.greenhouse.io/nimblegravity/jobs/4699016005,2026-05-26 21:46 UTC
greenhouse,7958988,Data Entry Specialist,Carvana,"Old Hickory, TN",Data,2026-05-26T18:45:46-04:00,https://www.carvana.com/careers/apply?gh_jid=7958988,2026-05-26 22:56 UTC
greenhouse,7744330,Data & AI Strategy Leader,phData,US-Remote,Data,2026-05-26T19:39:53-04:00,https://www.phdata.io/jobs?gh_jid=7744330,2026-05-26 23:46 UTC
greenhouse,8560188002,"Software Engineer, I - Data Engineering",Torc Robotics,"Ann Arbor, MI",Data Engineer,2026-05-26T13:37:17-04:00,https://job-boards.greenhouse.io/torcrobotics/jobs/8560188002,2026-05-27 00:16 UTC
greenhouse,4259721009,Data Analyst III (6181),Itd,California,Data Analyst,2026-05-26T21:56:36-04:00,https://job-boards.greenhouse.io/itd/jobs/4259721009,2026-05-27 02:06 UTC
ashby,dfe2a4b1-49ea-494f-936e-7f0bdb951014,Founding Data Engineer,Plain,London office,Data Engineer,2026-05-26T15:57:40.914000+00:00,https://jobs.ashbyhq.com/plain/dfe2a4b1-49ea-494f-936e-7f0bdb951014/application,2026-05-27 11:05 UTC
greenhouse,8565926002,Data Scientist,Bolcom,Utrecht,Data Scientist,2026-05-27T07:04:28-04:00,https://banen.bol.com/vacature/8565926002/?gh_jid=8565926002,2026-05-27 11:16 UTC
greenhouse,6007002004,"Do Not Apply - Big Data Engineer 5/27/2026, 5:31:42 AM",Builtinintegrationsandbox,Alaska,Data Engineer,2026-05-27T07:31:45-04:00,https://job-boards.greenhouse.io/builtinintegrationsandbox/jobs/6007002004,2026-05-27 11:36 UTC
greenhouse,4683762006,Data Engineer,Bruntworkwear,"North Reading, MA",Data Engineer,2026-05-27T08:45:21-04:00,https://boards.greenhouse.io/bruntworkwear/jobs/4683762006?gh_jid=4683762006,2026-05-27 12:47 UTC
greenhouse,5232328008,Data Analyst,Triafederal,Washington D.C.,Data Analyst,2026-05-27T09:55:58-04:00,https://triafed.com/jobs/?gh_jid=5232328008,2026-05-27 13:57 UTC
greenhouse,8564970002,System & Data Scientist,Wayve,Sunnyvale,Data Scientist,2026-05-26T17:49:26-04:00,https://wayve.firststage.co/jobs?gh_jid=8564970002,2026-05-27 13:57 UTC
greenhouse,5231405008,Manufacturing Data Analyst Intern,Zone5Technologies,"San Luis Obispo, California, United States",Data Analyst,2026-05-26T22:58:21-04:00,https://job-boards.greenhouse.io/zone5technologies/jobs/5231405008,2026-05-27 13:57 UTC
greenhouse,5231278008,Data Engineer,Analyticservicesinc,"Reston, VA",Data Engineer,2026-05-27T10:07:28-04:00,https://job-boards.greenhouse.io/analyticservicesinc/jobs/5231278008?gh_jid=5231278008,2026-05-27 14:16 UTC
greenhouse,5231286008,Data Scientist,Analyticservicesinc,"Reston, VA",Data Scientist,2026-05-27T10:08:02-04:00,https://job-boards.greenhouse.io/analyticservicesinc/jobs/5231286008?gh_jid=5231286008,2026-05-27 14:16 UTC
greenhouse,7720365003,Sports Data Operator (Civil contract),Geniussports,Remote - Bulgaria,Data,2026-05-27T10:08:39-04:00,https://boards.greenhouse.io/geniussports/jobs/7720365003?gh_jid=7720365003,2026-05-27 14:16 UTC
greenhouse,5819852004,Data Integrity Analyst I,Jamf,"Brno, Czechia",Analyst,2026-05-27T10:45:11-04:00,https://www.jamf.com/about/careers/jobs/?gh_jid=5819852004&gh_jid=5819852004,2026-05-27 14:46 UTC
greenhouse,4699133005,"SOFTWARE DEVELOPER ANALYST II - PROCESS, AUTOMATION & DATA MGMT",Inter,"Belo Horizonte, MG",Software Developer,2026-05-27T10:51:12-04:00,https://boards.greenhouse.io/inter/jobs/4699133005?gh_jid=4699133005,2026-05-27 14:56 UTC
greenhouse,4699519005,Data Engineer,Furniturcomamerica LLC,"Atlanta, GA",Data Engineer,2026-05-26T17:26:35-04:00,https://job-boards.greenhouse.io/furniturecomamericallc/jobs/4699519005,2026-05-27 15:26 UTC
lever,d30b5349-1023-497f-a5e5-264204071235,Residential Data Analyst Intern,Voltus,Remote,Data Analyst,2026-05-27T02:29:35.654000+00:00,https://jobs.lever.co/voltus/d30b5349-1023-497f-a5e5-264204071235/apply,2026-05-27 15:44 UTC
greenhouse,6007269004,"Do Not Apply - Data Mining Engineer 5/27/2026, 10:05:14 AM",Builtinintegrationsandbox,Remote,Engineer,2026-05-27T12:05:21-04:00,https://job-boards.greenhouse.io/builtinintegrationsandbox/jobs/6007269004,2026-05-27 16:06 UTC
ashby,c5b0b615-2776-47d3-89d6-8f23453946be,Data Engineer,Withflex,United States,Data Engineer,2026-05-27T17:17:12.306000+00:00,https://jobs.ashbyhq.com/withflex/c5b0b615-2776-47d3-89d6-8f23453946be/application,2026-05-27 17:26 UTC
greenhouse,5232677008,Data Analyst,Itero Group,"Sterling, VA",Data Analyst,2026-05-27T13:40:47-04:00,https://job-boards.greenhouse.io/itero-group/jobs/5232677008,2026-05-27 17:46 UTC
greenhouse,4684767006,Business Intelligence Developer,Bluewaterthinking,Fully Remote - Based in USA,BI,2026-05-27T14:12:38-04:00,https://job-boards.greenhouse.io/bluewaterthinking/jobs/4684767006,2026-05-27 18:16 UTC
greenhouse,7738480003,Virtual Data Analysis Coach,Accelschools,Gateway Online Academy of Ohio,Data,2026-05-27T14:23:34-04:00,https://job-boards.greenhouse.io/accelschools/jobs/7738480003,2026-05-27 18:26 UTC
greenhouse,5140989007,Product Engineer II - Data Management,Esri,"Redlands, CA",Engineer,2026-05-27T14:19:34-04:00,https://www.esri.com/careers/5140989007?gh_jid=5140989007,2026-05-27 18:26 UTC
greenhouse,8567449002,Data Engineer – External Data Integrations,Otrcapital1,"Roswell, GA",Data Engineer,2026-05-27T14:40:47-04:00,https://job-boards.greenhouse.io/otrcapital1/jobs/8567449002,2026-05-27 18:46 UTC
greenhouse,4260458009,Data Analyst V (6183),Itd,"West Metro, WA",Data Analyst,2026-05-27T15:01:39-04:00,https://job-boards.greenhouse.io/itd/jobs/4260458009,2026-05-27 19:06 UTC
ashby,0d2f3a05-7f9b-49f7-a34a-e08130812aab,Strategic Sourcing Data Analyst,Crusoe,"Denver, CO - US",Data Analyst,2026-05-27T20:10:02.411000+00:00,https://jobs.ashbyhq.com/crusoe/0d2f3a05-7f9b-49f7-a34a-e08130812aab/application,2026-05-27 20:15 UTC
greenhouse,7523834,"Software Engineer, Data Migration",MongoDB,Seattle,Software Engineer,2026-05-27T16:48:16-04:00,https://www.mongodb.com/careers/job/?gh_jid=7523834,2026-05-27 20:56 UTC
greenhouse,5233282008,Data Business Analyst,Northmarq,"Minneapolis, Minnesota, United States",Business Analyst,2026-05-27T16:48:46-04:00,https://job-boards.greenhouse.io/northmarq/jobs/5233282008,2026-05-27 20:56 UTC
greenhouse,5233283008,Data Business Analyst,Northmarq,"Tulsa, Oklahoma, United States",Business Analyst,2026-05-27T16:48:46-04:00,https://job-boards.greenhouse.io/northmarq/jobs/5233283008,2026-05-27 20:56 UTC
greenhouse,5232966008,"AI Intern, Data Engineering & Agent Workflows",Armada,United States (Remote),Data Engineer,2026-05-27T17:15:22-04:00,https://job-boards.greenhouse.io/armada/jobs/5232966008,2026-05-27 21:26 UTC
greenhouse,7750374003,Data Operations Analyst,Carta,"Seattle, WA",Analyst,2026-05-27T20:06:06-04:00,https://job-boards.greenhouse.io/carta/jobs/7750374003,2026-05-28 00:16 UTC
greenhouse,7750376003,Data Operations Analyst,Carta,"Sandy, UT",Analyst,2026-05-27T20:07:23-04:00,https://job-boards.greenhouse.io/carta/jobs/7750376003,2026-05-28 00:16 UTC
greenhouse,5148492007,"Cybersecurity Administrator, Data Loss Prevention",Chaosindustries,"Washington, District of Columbia, United States",Data,2026-05-27T20:43:19-04:00,https://job-boards.greenhouse.io/chaosindustries/jobs/5148492007,2026-05-28 00:46 UTC
greenhouse,5148490007,"Cybersecurity Administrator, Data Loss Prevention",Chaosindustries,"Hawthorne, California, United States",Data,2026-05-27T20:43:18-04:00,https://job-boards.greenhouse.io/chaosindustries/jobs/5148490007,2026-05-28 00:46 UTC
greenhouse,5148491007,"Cybersecurity Administrator, Data Loss Prevention",Chaosindustries,"San Francisco, California, United States",Data,2026-05-27T20:43:19-04:00,https://job-boards.greenhouse.io/chaosindustries/jobs/5148491007,2026-05-28 00:46 UTC
greenhouse,5148492007,"Cybersecurity Administrator, Data Loss Prevention",ChaosIndustries,"Washington, District of Columbia, United States",Data,2026-05-27T20:43:19-04:00,https://job-boards.greenhouse.io/chaosindustries/jobs/5148492007,2026-05-28 00:46 UTC
greenhouse,5148490007,"Cybersecurity Administrator, Data Loss Prevention",ChaosIndustries,"Hawthorne, California, United States",Data,2026-05-27T20:43:18-04:00,https://job-boards.greenhouse.io/chaosindustries/jobs/5148490007,2026-05-28 00:46 UTC
greenhouse,5148491007,"Cybersecurity Administrator, Data Loss Prevention",ChaosIndustries,"San Francisco, California, United States",Data,2026-05-27T20:43:19-04:00,https://job-boards.greenhouse.io/chaosindustries/jobs/5148491007,2026-05-28 00:46 UTC
greenhouse,5148505007,Network Data Loss Prevention (DLP) Administrator,Chaosindustries,"Hawthorne, California, United States",Data,2026-05-27T20:53:39-04:00,https://job-boards.greenhouse.io/chaosindustries/jobs/5148505007,2026-05-28 00:56 UTC
greenhouse,5148505007,Network Data Loss Prevention (DLP) Administrator,ChaosIndustries,"Hawthorne, California, United States",Data,2026-05-27T20:53:39-04:00,https://job-boards.greenhouse.io/chaosindustries/jobs/5148505007,2026-05-28 00:56 UTC
ashby,39942c23-9cf1-4348-b2e9-ce8ce9deb0a4,Procurement Data Analyst,T1Energy,"Dallas, TX",Data Analyst,2026-05-28T01:48:20.677000+00:00,https://jobs.ashbyhq.com/t1energy/39942c23-9cf1-4348-b2e9-ce8ce9deb0a4/application,2026-05-28 01:55 UTC
greenhouse,4699102005,IC5 - Data Architect,Spin,"México, México",Data,2026-05-27T17:02:10-04:00,https://job-boards.greenhouse.io/spin/jobs/4699102005,2026-05-28 02:56 UTC
greenhouse,8554765002,Consultant(e) Data & IA ( All Level),Artefact,Abidjan,Data,2026-05-28T06:35:53-04:00,https://job-boards.greenhouse.io/artefact/jobs/8554765002,2026-05-28 11:06 UTC
greenhouse,8554766002,Consultant(e) Data & IA,Artefactlinkedin,Abidjan,Data,2026-05-28T06:35:51-04:00,https://job-boards.greenhouse.io/artefactlinkedin/jobs/8554766002,2026-05-28 11:06 UTC
greenhouse,8568294002,Data Engineer,Bringg,TLV,Data Engineer,2026-05-28T05:35:54-04:00,https://job-boards.greenhouse.io/bringg/jobs/8568294002,2026-05-28 11:06 UTC
greenhouse,7782546,"Software Engineer II, Big Data, tvScientific",Pinterest,"San Francisco, CA, US; Remote, US",Software Engineer,2026-05-28T05:45:02-04:00,https://www.pinterestcareers.com/jobs/?gh_jid=7782546,2026-05-28 11:06 UTC
greenhouse,6007230004,Junior Data Scientist,Tifin,"Charlotte, NC",Data Scientist,2026-05-27T11:16:56-04:00,https://tifin.com/careers/apply/?gh_jid=6007230004,2026-05-28 11:17 UTC
greenhouse,5145857007,People Data Specialist,Trueanomalyinc,"Denver, CO or Long Beach, CA",Data,2026-05-27T10:40:43-04:00,https://job-boards.greenhouse.io/trueanomalyinc/jobs/5145857007,2026-05-28 11:17 UTC
ashby,8d077b92-3d4e-4607-b30c-d3e3de92bae9,Data Engineer,Ruby Labs,Ukraine,Data Engineer,2026-05-28T13:49:31.784000+00:00,https://jobs.ashbyhq.com/ruby-labs/8d077b92-3d4e-4607-b30c-d3e3de92bae9/application,2026-05-28 13:56 UTC
ashby,ade36e5f-7205-464d-ac91-bfdb4f12d194,Data Engineer ,Jellyfish,Remote - US,Data Engineer,2026-05-28T14:28:26.309000+00:00,https://jobs.ashbyhq.com/jellyfish/ade36e5f-7205-464d-ac91-bfdb4f12d194/application,2026-05-28 14:36 UTC
ashby,0f78fd38-1db6-4bc7-bfe0-62d462919a4e,Data Engineer,Ekumenlabs,LATAM (Remote),Data Engineer,2026-05-28T15:14:54.108000+00:00,https://jobs.ashbyhq.com/ekumenlabs/0f78fd38-1db6-4bc7-bfe0-62d462919a4e/application,2026-05-28 15:16 UTC
lever,ff18d247-cc5e-419f-b267-b2811c0b343a,Junior Data Analyst,Pt78,"Washington, DC",Data Analyst,2026-05-28T15:49:25.536000+00:00,https://jobs.lever.co/pt78/ff18d247-cc5e-419f-b267-b2811c0b343a/apply,2026-05-28 15:53 UTC
greenhouse,4683750006,Data Analyst,Pitchbookdata,"New York, New York, United States",Data Analyst,2026-05-28T12:33:38-04:00,https://job-boards.greenhouse.io/pitchbookdata/jobs/4683750006,2026-05-28 16:36 UTC
greenhouse,5232355008,Engineering Intern - Data Science,Aevexaerospace,"Dayton, Ohio, United States",Engineer,2026-05-28T12:35:42-04:00,https://job-boards.greenhouse.io/aevexaerospace/jobs/5232355008,2026-05-28 16:46 UTC
greenhouse,4813834101,Data Analyst Pleno,Hotmartcareersbr,"BRASIL, SÃO PAULO; BRASIL,BELO HORIZONTE",Data Analyst,2026-05-28T13:36:13-04:00,https://job-boards.eu.greenhouse.io/hotmartcareersbr/jobs/4813834101,2026-05-28 17:46 UTC
greenhouse,8564400002,Data Engineer (Starlink Growth),SpaceX,"Redmond, WA",Data Engineer,2026-05-28T09:27:49-04:00,https://boards.greenhouse.io/spacex/jobs/8564400002?gh_jid=8564400002,2026-05-28 17:57 UTC
greenhouse,4877515101,Data Engineer,Theinsidejob,solihull,Data Engineer,2026-05-28T08:48:13-04:00,https://job-boards.eu.greenhouse.io/theinsidejob/jobs/4877515101,2026-05-28 17:57 UTC
greenhouse,5234520008,BMS Design Engineer - Data Center,Olsson,Remote,Engineer,2026-05-28T14:14:29-04:00,https://job-boards.greenhouse.io/olsson/jobs/5234520008,2026-05-28 18:16 UTC
greenhouse,8568512002,"Data Analyst, Operations Planning",Lyft,"New York, NY",Data Analyst,2026-05-28T14:18:09-04:00,https://app.careerpuck.com/job-board/lyft/job/8568512002?gh_jid=8568512002,2026-05-28 18:26 UTC
greenhouse,8569140002,Data Scientist,Coreone,"Tysons Corner, VA",Data Scientist,2026-05-28T14:53:23-04:00,https://job-boards.greenhouse.io/coreone/jobs/8569140002,2026-05-28 18:56 UTC
greenhouse,5149017007,Data Engineer,M9Solutions,"Springfield, VA - TS/SCI clearance required",Data Engineer,2026-05-28T16:35:32-04:00,https://job-boards.greenhouse.io/m9solutions/jobs/5149017007,2026-05-28 20:36 UTC
greenhouse,7751267003,Data & Analytics Intern,Globalizationpartners,United States (Remote-First),Data,2026-05-28T16:54:58-04:00,https://job-boards.greenhouse.io/globalizationpartners/jobs/7751267003,2026-05-28 20:56 UTC
greenhouse,8569663002,Data Scientist,Coreone,"Tampa, Florida",Data Scientist,2026-05-28T16:57:33-04:00,https://job-boards.greenhouse.io/coreone/jobs/8569663002,2026-05-28 21:06 UTC
greenhouse,5149387007,Data Management Coordinator,Holisticindustries,"Detroit, MI",Data,2026-05-28T17:01:50-04:00,https://job-boards.greenhouse.io/holisticindustries/jobs/5149387007,2026-05-28 21:06 UTC
greenhouse,7885430,"Specialist, Provider Data Operations",Oscar Health,"Arizona, United States",Data,2026-05-28T17:35:06-04:00,http://www.hioscar.com/careers/7885430?gh_jid=7885430,2026-05-28 21:36 UTC
greenhouse,7964726,"Specialist, Provider Data Operations",Oscar Health,"Florida, United States",Data,2026-05-28T17:35:03-04:00,http://www.hioscar.com/careers/7964726?gh_jid=7964726,2026-05-28 21:36 UTC
greenhouse,7964725,"Specialist, Provider Data Operations",Oscar Health,"Georgia, United States",Data,2026-05-28T17:35:04-04:00,http://www.hioscar.com/careers/7964725?gh_jid=7964725,2026-05-28 21:36 UTC
greenhouse,7964720,"Specialist, Provider Data Operations",Oscar Health,"Texas, United States",Data,2026-05-28T17:35:05-04:00,http://www.hioscar.com/careers/7964720?gh_jid=7964720,2026-05-28 21:36 UTC
greenhouse,4697024005,Technical Data Analyst II,Globalhealthcareexchangeinc,Office Location or Remote - USA,Data Analyst,2026-05-28T18:32:34-04:00,https://job-boards.greenhouse.io/globalhealthcareexchangeinc/jobs/4697024005,2026-05-28 22:36 UTC
greenhouse,4259605009,Audio Quality and Data Engineer,Hark,San Jose,Data Engineer,2026-05-28T18:36:40-04:00,https://job-boards.greenhouse.io/hark/jobs/4259605009,2026-05-28 22:46 UTC
greenhouse,4866023101,Data Center IT Technician - Project Tasks,Nebius,"Oklahoma, United States",Data,2026-05-28T19:47:51-04:00,https://careers.nebius.com/?gh_jid=4866023101,2026-05-28 23:56 UTC
greenhouse,7752175003,Data Engineer (Agent Systems),Faraday Future,"El Segundo, California, United States",Data Engineer,2026-05-28T22:33:40-04:00,https://job-boards.greenhouse.io/faradayfuture/jobs/7752175003,2026-05-29 02:36 UTC
greenhouse,7751521003,Data Engineer (5313),Ess,"Arlington, VA",Data Engineer,2026-05-29T08:58:22-04:00,https://job-boards.greenhouse.io/ess/jobs/7751521003,2026-05-29 13:06 UTC
greenhouse,8570772002,Geographic Information System Data Analyst,Coreone,"Tampa, Florida",Data Analyst,2026-05-29T09:50:56-04:00,https://job-boards.greenhouse.io/coreone/jobs/8570772002,2026-05-29 13:56 UTC
greenhouse,4878582101,Data Analyst - Regulatory Reporting,Ebury,São Paulo,Data Analyst,2026-05-29T09:46:59-04:00,https://ebury.com/company/careers/job?gh_jid=4878582101,2026-05-29 13:56 UTC
greenhouse,4878578101,Data Analytics Engineer,Ebury,São Paulo,Analytics Engineer,2026-05-29T09:46:20-04:00,https://ebury.com/company/careers/job?gh_jid=4878578101,2026-05-29 13:56 UTC
