title,company,location,posted,experience,link,found_on
Software Engineer - Full Stack,Insulet Corporation,2 Locations,Posted 3 Days Ago,2+ yrs,https://insulet.wd5.myworkdayjobs.com/en-US/insuletcareers/job/Guadalajara-Jalisco/Software-Engineer_REQ-2026-15050,2026-05-08 10:45
Advanced Software Engineer,Invesco,2 Locations,Posted 3 Days Ago,3-5 yrs,https://invesco.wd1.myworkdayjobs.com/en-US/IVZ/job/Atlanta-Georgia/Adv-Eng--SIP_R-13382,2026-05-08 10:45
Teamlead Software Developer (m/w/d),IQVIA,2 Locations,Posted Today,—,https://iqvia.wd1.myworkdayjobs.com/en-US/IQVIA/job/Dortmund-Germany/Teamlead-Software-Developer--m-w-d-_R1520927,2026-05-08 10:45
"Software Engineer, Junior",KBR,"Chantilly, Virginia",Posted 2 Days Ago,0-5 yrs,https://kbr.wd5.myworkdayjobs.com/en-US/KBR_Careers/job/Chantilly-Virginia/Software-Engineer--Junior_R2123242,2026-05-08 10:45
Network Software Developer,KBR,"Lexington, Massachusetts",Posted 3 Days Ago,3-5 yrs,https://kbr.wd5.myworkdayjobs.com/en-US/KBR_Careers/job/Lexington-Massachusetts/Network-Software-Developer_R2123152,2026-05-08 10:45
Software Developer II for Information Services,Liberty University,Remote Location,Posted Yesterday,2+ yrs,https://liberty.wd5.myworkdayjobs.com/en-US/lu_job_board_staff/job/Remote-Location/Software-Developer-II-for-Information-Services_R0010001,2026-05-08 10:45
Software Engineer - State National,Markel Corporation,Bedford TX,Posted 3 Days Ago,4 yrs,https://markelcorp.wd5.myworkdayjobs.com/en-US/GlobalCareers/job/Bedford-TX/Software-Engineer---State-National_R0023018,2026-05-08 10:45
Software Engineer,Leidos,"Bethesda, MD",Posted 3 Days Ago,—,https://leidos.wd5.myworkdayjobs.com/en-US/External/job/Bethesda-MD/Software-Engineer_R-00174221,2026-05-08 10:45
Microsoft Power Platform Software Engineer,Markel Corporation,"Richmond, VA",Posted 2 Days Ago,4+ yrs,https://markelcorp.wd5.myworkdayjobs.com/en-US/GlobalCareers/job/Richmond-VA/Microsoft-Power-Platform-Software-Engineer_R0022994-1,2026-05-08 10:45
Associate Full- Stack Software Engineer,Manulife,2 Locations,Posted 3 Days Ago,2+ yrs,https://manulife.wd3.myworkdayjobs.com/en-US/MFCJH_Jobs/job/Boston-Massachusetts/Associate-Full--Stack-Software-Engineer_JR26030584-1,2026-05-08 10:45
Software Engineer,Leidos,"Huntsville, AL",Posted 3 Days Ago,4-8 yrs,https://leidos.wd5.myworkdayjobs.com/en-US/External/job/Huntsville-AL/Software-Engineer_R-00182564-1,2026-05-08 10:45
Software Engineer,Leidos,"Remote, US",Posted Yesterday,8+ yrs,https://leidos.wd5.myworkdayjobs.com/en-US/External/job/Remote-US/Software-Engineer_R-00182756,2026-05-08 10:45
Software Developer,Leidos,3 Locations,Posted 3 Days Ago,2-4 yrs,https://leidos.wd5.myworkdayjobs.com/en-US/External/job/Eagan-MN/Software-Developer_R-00182062,2026-05-08 10:45
Manhattan Active SCALE Software Engineer - Retail,MillerKnoll,CT - Stamford Canal St 711,Posted 2 Days Ago,3-5 yrs,https://millerknoll.wd1.myworkdayjobs.com/en-US/MillerKnoll/job/CT---Stamford-Canal-St-711/Manhattan-Active-SCALE-Software-Engineer---Retail_JR108656-1,2026-05-08 10:45
"Associate, Software Engineer",Morgan Stanley,"New York, New York, United States of America",Posted Today,—,https://ms.wd5.myworkdayjobs.com/en-US/External/job/New-York-New-York-United-States-of-America/Associate--Software-Engineer_JR029310,2026-05-08 10:45
"Associate, Software Engineer",Morgan Stanley,"Alpharetta, Georgia, United States of America",Posted Today,—,https://ms.wd5.myworkdayjobs.com/en-US/External/job/Alpharetta-Georgia-United-States-of-America/Associate--Software-Engineer_JR029312,2026-05-08 10:45
"Associate, Software Engineer",Morgan Stanley,"New York, New York, United States of America",Posted 2 Days Ago,—,https://ms.wd5.myworkdayjobs.com/en-US/External/job/New-York-New-York-United-States-of-America/Associate--Software-Engineer_JR019004,2026-05-08 10:45
"Associate, Software Engineer",Morgan Stanley,"Alpharetta, Georgia, United States of America",Posted 2 Days Ago,—,https://ms.wd5.myworkdayjobs.com/en-US/External/job/Alpharetta-Georgia-United-States-of-America/Associate--Software-Engineer_JR029305,2026-05-08 10:45
Software Engineer - Level 4,Northrop Grumman,United States-Virginia-Fairfax,Posted Yesterday,8+ yrs,https://ngc.wd1.myworkdayjobs.com/en-US/Northrop_Grumman_External_Site/job/United-States-Virginia-Fairfax/Software-Engineer---Level-4_R10232277,2026-05-08 10:45
Software Developer - Level 2,Northrop Grumman,United States-California-Redondo Beach,Posted Yesterday,4 yrs,https://ngc.wd1.myworkdayjobs.com/en-US/Northrop_Grumman_External_Site/job/United-States-California-Redondo-Beach/Software-Developer---Level-2_R10226447,2026-05-08 10:45
Software Developer - Level 3/4,Northrop Grumman,United States-California-Redondo Beach,Posted 3 Days Ago,8 yrs,https://ngc.wd1.myworkdayjobs.com/en-US/Northrop_Grumman_External_Site/job/United-States-California-Redondo-Beach/Software-Developer---Level-3-4_R10226413,2026-05-08 10:45
Field Talent - CLR - Software Engineer Full Stack,Northwestern Mutual,"Milwaukee, WI Corporate",Posted 2 Days Ago,3-4 yrs,https://northwesternmutual.wd5.myworkdayjobs.com/en-US/CORPORATE-CAREERS/job/Milwaukee-WI-Corporate/Field-Talent---CLR---Software-Engineer-Full-Stack_JR-44935,2026-05-08 10:45
Software Engineer (Level 1),Northrop Grumman,United States-Virginia-Dulles,Posted 3 Days Ago,4 yrs,https://ngc.wd1.myworkdayjobs.com/en-US/Northrop_Grumman_External_Site/job/United-States-Virginia-Dulles/Software-Engineer--Level-1-_R10231948,2026-05-08 10:45
Embedded Crypto Software Developer (m/f/d),NXP Semiconductors,3 Locations,Posted Yesterday,3-5 yrs,https://nxp.wd3.myworkdayjobs.com/en-US/careers/job/Gratkorn/Embedded-Crypto-Software-Developer--m-f-d-_R-10062454,2026-05-08 10:46
Embedded Crypto Software Developer (m/f/d),NXP Semiconductors,3 Locations,Posted Yesterday,3-5 yrs,https://nxp.wd3.myworkdayjobs.com/en-US/careers/job/Gratkorn/Embedded-Crypto-Software-Developer--m-f-d-_R-10062455,2026-05-08 10:46
Embedded Crypto Software Developer (f/m/d),NXP Semiconductors,3 Locations,Posted Yesterday,3-5 yrs,https://nxp.wd3.myworkdayjobs.com/en-US/careers/job/Gratkorn/Embedded-Crypto-Software-Developer--f-m-d-_R-10062448,2026-05-08 10:46
Research Computing Software Engineer,Penn State University,2 Locations,Posted 2 Days Ago,6+ yrs,https://psu.wd1.myworkdayjobs.com/en-US/PSU_Staff/job/Penn-State-University-Park/Research-Computing-Software-Engineer_REQ_0000077401-2,2026-05-08 10:46
Software Engineer II,Procore Technologies,US - Texas - Austin,Posted 3 Days Ago,2+ yrs,https://procore.wd12.myworkdayjobs.com/en-US/Procore_External_Careers/job/US---Texas---Austin/Software-Engineer-II_R0017508-1,2026-05-08 10:46
Software Engineer,PNC,2 Locations,Posted 2 Days Ago,2+ yrs,https://pnc.wd5.myworkdayjobs.com/en-US/External/job/PA---Pittsburgh-15222/Software-Engineer_R219223-1,2026-05-08 10:46
Software Engineer,PNC,3 Locations,Posted Yesterday,2+ yrs,https://pnc.wd5.myworkdayjobs.com/en-US/External/job/CO---Lakewood-80215/Software-Engineer_R222138-1,2026-05-08 10:46
Software Engineer (Python),PNC,PA - Pittsburgh (15222),Posted Yesterday,2+ yrs,https://pnc.wd5.myworkdayjobs.com/en-US/External/job/PA---Pittsburgh-15222/Software-Engineer--Python-_R219234-1,2026-05-08 10:46
Junior Software Engineer,PTC Inc.,"Foster City, CA, USA",Posted Yesterday,0-2 yrs,https://ptc.wd1.myworkdayjobs.com/en-US/PTC/job/Foster-City-CA-USA/Junior-Software-Engineer_JR112167,2026-05-08 10:46
Software Engineer - API Server (OpenShift),Red Hat,2 Locations,Posted 2 Days Ago,2+ yrs,https://redhat.wd5.myworkdayjobs.com/en-US/Jobs/job/Raleigh/Software-Engineer---API-Server--OpenShift-_R-056136,2026-05-08 10:46
Software Engineer,Red Hat,Raleigh,Posted 3 Days Ago,3+ yrs,https://redhat.wd5.myworkdayjobs.com/en-US/Jobs/job/Raleigh/Software-Engineer_R-056095-1,2026-05-08 10:46
"Software Engineer (.NET/.NET Core/React) - Birmingham, On-Site",Regions Financial,"Hoover, AL - Riverchase Operations Center (Birmingham, AL)",Posted Yesterday,—,https://regions.wd5.myworkdayjobs.com/en-US/Regions_Careers/job/Hoover-AL---Riverchase-Operations-Center-Birmingham-AL/Software-Engineer--NET-NET-Core-React----Birmingham--On-Site_R102252-1,2026-05-08 10:46
Android Mobile Software Developer II (Remote or Hybrid),Rocket Companies,"Seattle, WA",Posted Yesterday,3+ yrs,https://quickenloans.wd5.myworkdayjobs.com/en-US/rocket_careers/job/Seattle-WA/Android-Mobile-Software-Developer-II--Remote-or-Hybrid-_R-082531,2026-05-08 10:46
Software Developer I - RIGHT,Rocket Companies,"Seattle, WA",Posted 2 Days Ago,1-3 yrs,https://quickenloans.wd5.myworkdayjobs.com/en-US/rocket_careers/job/Seattle-WA/Software-Developer-I---RIGHT_R-082539,2026-05-08 10:46
Software Engineer (Backend) - MTS,Salesforce,California - Redwood City,Posted Yesterday,2-4 yrs,https://salesforce.wd12.myworkdayjobs.com/en-US/External_Career_Site/job/California---Redwood-City/Software-Engineering---Backend----MTS_JR340716,2026-05-08 10:46
"Engineer I, Software Developer in Test",S&P Global,2 Locations,Posted Yesterday,0-3 yrs,https://spgi.wd5.myworkdayjobs.com/en-US/SPGI_Careers/job/IN---GURUGRAM-DLF-DOWNTOWN-BLOCK-4-FL-1112/Engineer-I--Software-Developer-in-Test_324610-1,2026-05-08 10:46
Software Engineer,Samsung Electronics America,"645 Clyde Avenue, Mountain View, CA, USA",Posted 3 Days Ago,4+ yrs,https://sec.wd3.myworkdayjobs.com/en-US/Samsung_Careers/job/645-Clyde-Avenue-Mountain-View-CA-USA/Software-Engineer_R116921,2026-05-08 10:46
Software Engineer II,Sierra Space,2 Locations,Posted Today,2+ yrs,https://sierraspace.wd1.myworkdayjobs.com/en-US/Sierra_Space_External_Career_Site/job/Centennial-CO/Software-Engineer-II_R25615-1,2026-05-08 10:46
Machine Learning Software Engineer,RBC,2 Locations,Posted 2 Days Ago,—,https://rbc.wd3.myworkdayjobs.com/en-US/RBCGLOBAL1/job/401-GEORGIA-ST-WVANCOUVER/Machine-Learning-Software-Engineer_R-0000124116-2,2026-05-08 10:46
Software Engineer,SS&C Technologies,"Chicago, IL",Posted 3 Days Ago,2 yrs,https://ssctech.wd1.myworkdayjobs.com/en-US/SSCTechnologies/job/Chicago-IL/Software-Engineer_R42924-1,2026-05-08 10:46
"Software Engineer – Full-Stack Development | Java, Python, Cloud, IoT & Blockchain Technologies",Synechron,3 Locations,Posted Today,4+ yrs,https://synechron.wd1.myworkdayjobs.com/en-US/SynechronCareers/job/Pune---Hinjewadi-Ascendas/Software-Engineer---Full-Stack-Development---Java--Python--Cloud--IoT---Blockchain-Technologies_JR1039219,2026-05-08 10:46
Software Engineer I (Host/Mainframe),TD Bank,2 Locations,Posted 2 Days Ago,2-3 yrs,https://td.wd3.myworkdayjobs.com/en-US/TD_Bank_Careers/job/Toronto-Ontario/Software-Engineer-I--Host-Mainframe-_R_1485279,2026-05-08 10:46
Software Engineer,Thomson Reuters,,Posted Yesterday,—,https://thomsonreuters.wd5.myworkdayjobs.com/en-US/External_Career_Site/job/Sri-Lanka-Colombo/Software-Engineer_JREQ200047,2026-05-08 10:46
Software Engineer,Thomson Reuters,,Posted Yesterday,—,https://thomsonreuters.wd5.myworkdayjobs.com/en-US/External_Career_Site/job/Sri-Lanka-Colombo/Software-Engineer_JREQ200045,2026-05-08 10:46
Live Streaming Software Engineer,Thomson Reuters,,Posted Yesterday,5+ yrs,https://thomsonreuters.wd5.myworkdayjobs.com/en-US/External_Career_Site/job/India-Bengaluru-Karnataka/Live-Streaming-Software-Engineer_JREQ199904,2026-05-08 10:46
Software Engineer,TSYS / Global Payments,2 Locations,Posted 2 Days Ago,—,https://tsys.wd1.myworkdayjobs.com/en-US/TSYS/job/eft-Office---Shenzhen-China/Software-Engineer_R0071170,2026-05-08 10:46
Software Engineer,Trimble,"US - CO, Westminster",Posted Yesterday,3 yrs,https://trimble.wd1.myworkdayjobs.com/en-US/TrimbleCareers/job/US---CO-Westminster/Software-Engineer_R53510,2026-05-08 10:46
Software Engineer II - Tester,Truist,"Raleigh, NC",Posted 2 Days Ago,5+ yrs,https://truist.wd1.myworkdayjobs.com/en-US/Careers/job/Raleigh-NC/Software-Engineer-II---Tester_R0113071,2026-05-08 10:46
Software Engineer,TSYS / Global Payments,2 Locations,Posted 2 Days Ago,—,https://tsys.wd1.myworkdayjobs.com/en-US/TSYS/job/eft-Office---Shenzhen-China/Software-Engineer_R0071171,2026-05-08 10:46
Software Engineer,Univision,"Miami, FL",Posted 2 Days Ago,—,https://univision.wd1.myworkdayjobs.com/en-US/External/job/Miami-FL/Software-Engineer_R020335-1,2026-05-08 10:46
Full Stack .Net Software Engineer - REMOTE,Velera (PSCU Payments),Remote-USA,Posted 3 Days Ago,7+ yrs,https://velera.wd5.myworkdayjobs.com/en-US/VeleraCareers/job/Remote-USA/Software-Engineer-III--Java-Angular-API----REMOTE_8913-1,2026-05-08 10:46
Software Engineer II,Walt Disney Company,2 Locations,Posted Yesterday,3+ yrs,https://disney.wd5.myworkdayjobs.com/en-US/disneycareer/job/New-York-NY-USA/Software-Engineer-II_10149907,2026-05-08 10:46
Chief Software Engineer,Visa,"US - Austin, TX",Posted Yesterday,15+ yrs,https://visa.wd5.myworkdayjobs.com/en-US/Visa/job/US---Austin-TX/Chief-Software-Engineer_REF081710W,2026-05-08 10:46
Software Engineer II,Walt Disney Company,3 Locations,Posted Yesterday,3 yrs,https://disney.wd5.myworkdayjobs.com/en-US/disneycareer/job/Seattle-WA-USA/Software-Engineer-II_10148452,2026-05-08 10:46
Software Engineer II,Walt Disney Company,"Glendale, CA, USA",Posted 3 Days Ago,3+ yrs,https://disney.wd5.myworkdayjobs.com/en-US/disneycareer/job/Glendale-CA-USA/Software-Engineer-II_10143787-2,2026-05-08 10:46
Software Engineer - DevOps Mobile,Walt Disney Company,"New York, NY, USA",Posted 3 Days Ago,3 yrs,https://disney.wd5.myworkdayjobs.com/en-US/disneycareer/job/New-York-NY-USA/Software-Engineer---DevOps-Mobile_10143241,2026-05-08 10:46
Electrical/Software Engineer I/II,WHOI (Woods Hole Oceanographic),"Onsite – Woods Hole, MA",Posted 3 Days Ago,—,https://whoi.wd5.myworkdayjobs.com/en-US/WHOI-External/job/Onsite--Woods-Hole-MA/Electrical-Software-Engineer-I-II_JR100525,2026-05-08 10:46
Ruby Backend Software Engineer,Zelis Healthcare,6 Locations,Posted 2 Days Ago,2-3 yrs,https://zelis.wd1.myworkdayjobs.com/en-US/ZelisCareers/job/US-NJ-Morristown/Ruby-Backend-Software-Engineer_JR109411-1,2026-05-08 10:46
Software Engineer - AI Pipelines,Workday,2 Locations,Posted 2 Days Ago,5+ yrs,https://workday.wd5.myworkdayjobs.com/en-US/Workday/job/Canada-ON-Toronto/Software-Engineer---AI-Pipelines_JR-0106620,2026-05-08 10:46
Software Engineer 1(Mainframe Production Support),US Bank,"Brookfield, WI",Posted Yesterday,—,https://usbank.wd1.myworkdayjobs.com/en-US/US_Bank_Careers/job/Brookfield-WI/Software-Engineer-1-Mainframe-Production-Support-_2026-0010469,2026-05-08 11:01
Software Engineer 2 (Database Developer - SAP Sybase),US Bank,2 Locations,Posted 2 Days Ago,—,https://usbank.wd1.myworkdayjobs.com/en-US/US_Bank_Careers/job/Englewood-CO/Software-Engineer-2--Database-Developer---SAP-Sybase-_2026-0010330,2026-05-08 11:01
Software Engineer (.Net) - (Remote - US),ICF International,"Reston, VA",Posted Today,3+ yrs,https://icf.wd5.myworkdayjobs.com/en-US/ICFExternal_Career_Site/job/Reston-VA/Software-Engineer--Net-----Remote---US-_R2601533-1,2026-05-08 11:15
Software Developer (Core Services),U-Haul,"Phoenix, Arizona",Posted 2 Days Ago,3 yrs,https://uhaul.wd1.myworkdayjobs.com/en-US/UhaulJobs/job/Phoenix-Arizona/Software-Developer--Core-Services-_R242973,2026-05-08 11:16
Pega Software Engineer-Intermediate Level,USAA,3 Locations,Posted 2 Days Ago,3+ yrs,https://usaa.wd1.myworkdayjobs.com/en-US/USAAJOBSWD/job/San-Antonio-Home-Office-I/Pega-Software-Engineer-Intermediate-Level_R0117140,2026-05-08 11:16
Software Engineer Mid-level (Java Full Stack),USAA,4 Locations,Posted 2 Days Ago,4 yrs,https://usaa.wd1.myworkdayjobs.com/en-US/USAAJOBSWD/job/San-Antonio-Home-Office-I/Software-Engineer-I_R0117146,2026-05-08 11:16
Software Developer II - IN,Rackspace Technology,IND-Work from Home-Remote,Posted Today,—,https://rackspace.wd1.myworkdayjobs.com/en-US/External/job/IND-Work-from-Home-Remote/Software-Developer-II---IN_R-23300-1,2026-05-08 11:46
2026 Raytheon Full Time- Software Engineer I (Onsite),RTX,US-MA-MARLBOROUGH-MA2 ~ 1001 Boston Post Rd ~ BLDG 2,Posted Today,100 yrs,https://globalhr.wd5.myworkdayjobs.com/en-US/REC_RTX_Ext_Gateway/job/US-MA-MARLBOROUGH-MA2--1001-Boston-Post-Rd--BLDG-2/XMLNAME-2026-Raytheon-Full-Time--Software-Engineer-I--Onsite-_01844319,2026-05-08 11:46
Software Engineer,Leidos,"San Diego, CA",Posted Today,6+ yrs,https://leidos.wd5.myworkdayjobs.com/en-US/External/job/San-Diego-CA/Software-Engineer_R-00174047,2026-05-08 12:30
"Software Engineer, Full Stack",T-Mobile,2 Locations,Posted Today,—,https://tmobile.wd1.myworkdayjobs.com/en-US/External/job/Philadelphia-Pennsylvania/Software-Engineer--Full-Stack_REQ349848-1,2026-05-08 13:30
"Co-op, Embedded Software Engineer (May 2026 - December 2026)",Rockwell Automation,"Mayfield Heights, Ohio, United States",Posted Today,—,https://rockwellautomation.wd1.myworkdayjobs.com/en-US/External-Rockwell-Automation-Early-Careers/job/Mayfield-Heights-Ohio-United-States/Co-op--Embedded-Software-Engineer--May-2026---December-2026-_R25-7668,2026-05-08 14:00
Software Engineer,PayPal,"San Jose, California, United States of America",Posted Today,—,https://paypal.wd1.myworkdayjobs.com/en-US/jobs/job/San-Jose-California-United-States-of-America/Software-Engineer_R0136718,2026-05-08 14:15
Software Engineer,PayPal,"San Jose, California, United States of America",Posted Today,—,https://paypal.wd1.myworkdayjobs.com/en-US/jobs/job/San-Jose-California-United-States-of-America/Software-Engineer_R0136720,2026-05-08 14:15
Software Engineer,PNC,AZ - Phoenix (85016),Posted Today,2+ yrs,https://pnc.wd5.myworkdayjobs.com/en-US/External/job/AZ---Phoenix-85016/Software-Engineer_R222083-1,2026-05-08 14:15
Software Engineer,Ortho Clinical Diagnostics,US - NY - Rochester,Posted Today,0-2 yrs,https://orthoclinical.wd1.myworkdayjobs.com/en-US/Search/job/US---NY---Rochester/Software-Engineer_R0016379,2026-05-08 14:45
Software Engineer II - AI Tooling Platform,Rocket Companies,"Seattle, WA",Posted Today,—,https://quickenloans.wd5.myworkdayjobs.com/en-US/rocket_careers/job/Seattle-WA/Software-Engineer-II---AI-Tooling-Platform_R-082587,2026-05-08 14:45
Software Engineer - Transformation,Visa,"US - Austin, TX",Posted Today,—,https://visa.wd5.myworkdayjobs.com/en-US/Visa/job/US---Austin-TX/Software-Engineer---Transformation_REF077044W,2026-05-08 14:45
Software Engineer II,Mastercard,"O'Fallon, Missouri",Posted Today,—,https://mastercard.wd1.myworkdayjobs.com/en-US/CorporateCareers/job/OFallon-Missouri/Software-Engineer-II_R-277898,2026-05-08 15:00
Software Engineer,PayPal,"San Jose, California, United States of America",Posted Today,—,https://paypal.wd1.myworkdayjobs.com/en-US/jobs/job/San-Jose-California-United-States-of-America/Software-Engineer_R0136723,2026-05-08 15:00
Software Developer II - Conversational Search,Rocket Companies,"Seattle, WA",Posted Today,—,https://quickenloans.wd5.myworkdayjobs.com/en-US/rocket_careers/job/Seattle-WA/Software-Developer-II---Conversational-Search_R-082526,2026-05-08 15:00
Software Engineer I - Military Avionics FMS (Onsite),RTX,US-IA-CEDAR RAPIDS-182 ~ 1100 Cimmie Ave Ne ~ BLDG 182,Posted Today,2 yrs,https://globalhr.wd5.myworkdayjobs.com/en-US/REC_RTX_Ext_Gateway/job/US-IA-CEDAR-RAPIDS-182--1100-Cimmie-Ave-Ne--BLDG-182/Software-Engineer-I---Military-Avionics-FMS--Onsite-_01839874,2026-05-08 15:15
iOS Mobile Software Developer II (Remote or Hybrid),Rocket Companies,"Seattle, WA",Posted Today,3+ yrs,https://quickenloans.wd5.myworkdayjobs.com/en-US/rocket_careers/job/Seattle-WA/iOS-Mobile-Software-Developer-II--Remote-or-Hybrid-_R-082530,2026-05-08 15:15
Software Developer II - RIGHT,Rocket Companies,"Seattle, WA",Posted Today,—,https://quickenloans.wd5.myworkdayjobs.com/en-US/rocket_careers/job/Seattle-WA/Software-Developer-II---RIGHT_R-082529,2026-05-08 15:15
Entry Level Software Engineer,Otis Elevator Company,"OT999: 1CP - Farmington, CT One Carrier Place, Farmington, CT, 06032 USA",Posted Today,0-3 yrs,https://otis.wd5.myworkdayjobs.com/en-US/REC_Ext_Gateway/job/OT999-1CP---Farmington-CT-One-Carrier-Place-Farmington-CT-06032-USA/Entry-Level-Software-Engineer_20156951,2026-05-08 15:30
Software Engineer I,Medtronic,"Lafayette, Colorado, United States of America",Posted Today,—,https://medtronic.wd1.myworkdayjobs.com/en-US/MedtronicCareers/job/Lafayette-Colorado-United-States-of-America/Software-Engineer-I_R65354-2,2026-05-08 17:45
"Software Engineer DevSecOps, AVP",MUFG Bank,3 Locations,Posted Today,2-5 yrs,https://mufgub.wd3.myworkdayjobs.com/en-US/MUFG-Careers/job/Tempe-AZ/Software-Engineer-DevSecOps--AVP_10073856-WD,2026-05-08 18:45
Modeling & Simulation Software Engineer - Level 3 or 4,Northrop Grumman,United States-Colorado-Boulder,Posted Today,8 yrs,https://ngc.wd1.myworkdayjobs.com/en-US/Northrop_Grumman_External_Site/job/United-States-Colorado-Boulder/Modeling---Simulation-Software-Engineer---Level-3-or-4_R10232446,2026-05-09 10:33
Embedded Software Engineer - Level 2 or 3,Northrop Grumman,United States-Colorado-Boulder,Posted Today,5 yrs,https://ngc.wd1.myworkdayjobs.com/en-US/Northrop_Grumman_External_Site/job/United-States-Colorado-Boulder/Embedded-Software-Engineer---Level-2-or-3_R10232441,2026-05-09 10:33
Software Engineer,Leidos,"Reston, VA",Posted Today,1+ yrs,https://leidos.wd5.myworkdayjobs.com/en-US/External/job/Reston-VA/Software-Engineer_R-00181566,2026-05-09 19:40
"Software Engineer, Networking",NVIDIA,"US, CA, Santa Clara",Posted Today,3+ yrs,https://nvidia.wd5.myworkdayjobs.com/en-US/nvidiaexternalcareersite/job/US-CA-Santa-Clara/Software-Engineer--Networking_JR2016798,2026-05-11 00:00
"Software Engineer - Mainframe Developer in Atlanta, Georgia.",US Bank,"Atlanta, GA",Posted Today,5 yrs,https://usbank.wd1.myworkdayjobs.com/en-US/US_Bank_Careers/job/Atlanta-GA/Software-Engineer---Mainframe-Developer-in-Atlanta--Georgia_2026-0012278-1,2026-05-11 01:45
Software Engineer 2 - Full stack,US Bank,"Irving, TX",Posted Today,—,https://usbank.wd1.myworkdayjobs.com/en-US/US_Bank_Careers/job/Irving-TX/Software-Engineer-2---Full-stack_2026-0010983,2026-05-11 01:45
Software Engineer - DevOps,KLA Corporation,"Milpitas, CA",Posted 3 Days Ago,3-5 yrs,https://kla.wd1.myworkdayjobs.com/en-US/Search/job/Milpitas-CA/Software-Engineer---DevOps_2634659,2026-05-11 03:45
Software Developer II - Data Platform,Rocket Companies,"Seattle, WA",Posted Today,3-5 yrs,https://quickenloans.wd5.myworkdayjobs.com/en-US/rocket_careers/job/Seattle-WA/Software-Developer-II---DIGIT_R-082591,2026-05-11 08:45
ARLIS Full Stack Software Engineer,University of Maryland,University of Maryland College Park,Posted Today,4-5 yrs,https://umd.wd1.myworkdayjobs.com/en-US/UMCP/job/University-of-Maryland-College-Park/ARLIS-Full-Stack-Software-Engineer_JR104075,2026-05-11 08:46
Software Engineer II,Walt Disney Company,3 Locations,Posted Today,3+ yrs,https://disney.wd5.myworkdayjobs.com/en-US/disneycareer/job/Glendale-CA-USA/Software-Engineer-II_10148553,2026-05-11 08:46
Software Developer I - Data Platform,Rocket Companies,"Seattle, WA",Posted Today,1-3 yrs,https://quickenloans.wd5.myworkdayjobs.com/en-US/rocket_careers/job/Seattle-WA/Software-Developer-I---Digit_R-082592,2026-05-11 09:00
Software Engineer - Front End (React),Intapp,2 Locations,Posted Today,3+ yrs,https://intapp.wd1.myworkdayjobs.com/en-US/Intapp/job/Palo-Alto-CA/Software-Engineer---Front-End--React-_R2024971-1,2026-05-11 09:15
Expert Software Engineer ( AI & Cybersecurity),JB Hunt Transport,"Lowell, AR - JB Hunt Corporate B & C",Posted Today,5 yrs,https://jbhunt.wd501.myworkdayjobs.com/en-US/Careers/job/Lowell-AR---JB-Hunt-Corporate-B--C/Expert-Software-Engineer---AI---Cybersecurity-_00625131,2026-05-11 09:30
Software Engineer,KBR,"Beavercreek, Ohio",Posted Today,—,https://kbr.wd5.myworkdayjobs.com/en-US/KBR_Careers/job/Beavercreek-Ohio/Software-Engineer_R2123458,2026-05-11 10:15
Software Engineer 2 / 3,Northrop Grumman,United States-Utah-Corinne,Posted Today,5 yrs,https://ngc.wd1.myworkdayjobs.com/en-US/Northrop_Grumman_External_Site/job/United-States-Utah-Corinne/Software-Engineer-2---3_R10230662,2026-05-11 10:30
Software Engineer,WEX Inc.,3 Locations,Posted Today,3 yrs,https://wexinc.wd5.myworkdayjobs.com/en-US/WEXInc/job/Chicago-IL/Software-Engineering_R20033,2026-05-11 11:16
2026 Raytheon Full Time- Software Engineer I -(Onsite),RTX,US-IN-FT WAYNE-150A ~ 1010 Production Rd ~ BLDG 150A,Posted Today,100 yrs,https://globalhr.wd5.myworkdayjobs.com/en-US/REC_RTX_Ext_Gateway/job/US-IN-FT-WAYNE-150A--1010-Production-Rd--BLDG-150A/XMLNAME-2026-Raytheon-Full-Time--Software-Engineer-I---Onsite-_01844595,2026-05-11 11:30
Software Engineer 1/2,Northrop Grumman,United States-Colorado-Boulder,Posted Today,4 yrs,https://ngc.wd1.myworkdayjobs.com/en-US/Northrop_Grumman_External_Site/job/United-States-Colorado-Boulder/Software-Engineer-1-2_R10232029,2026-05-11 11:45
2026  Raytheon Full Time- Software Engineer I -(Onsite),RTX,"US-MA-TEWKSBURY-TB3 ~ 50 Apple Hill Dr ~ CONCORD BLDG, Tewksbury Tb3 300 Concord",Posted Today,100 yrs,https://globalhr.wd5.myworkdayjobs.com/en-US/REC_RTX_Ext_Gateway/job/US-MA-TEWKSBURY-TB3--50-Apple-Hill-Dr--CONCORD-BLDG-Tewksbury-Tb3-300-Concord/XMLNAME-2026--Raytheon-Full-Time--Software-Engineer-I---Onsite-_01844143,2026-05-11 12:00
Software Engineer - SAP Fiori Security,VSP Vision,Remote US,Posted Today,4+ yrs,https://vsp.wd1.myworkdayjobs.com/en-US/VSPVisionCareers/job/Remote-US/Software-Engineer---SAP-Security_R-9281,2026-05-11 12:01
Summer 2027 Intern - Software Engineer,Salesforce,8 Locations,Posted Today,—,https://salesforce.wd12.myworkdayjobs.com/en-US/External_Career_Site/job/California---San-Francisco/Summer-2027-Intern---Software-Engineer_JR340771-1,2026-05-11 12:15
Software Engineer II,Hy-Vee,"Corporate Office, Westown Pkwy., West Des Moines, IA",Posted Today,—,https://hyvee.wd1.myworkdayjobs.com/en-US/HyveeCareers/job/Corporate-Office-Westown-Pkwy-West-Des-Moines-IA/Software-Engineer-II_R231608,2026-05-11 13:15
IT Software Engineer,Micron Technology,"Boise, ID - Main Site",Posted Today,3 yrs,https://micron.wd1.myworkdayjobs.com/en-US/External/job/Boise-ID---Main-Site/IT-Software-Engineer_JR101306-1,2026-05-11 14:00
Software Engineer 3 (26-233),Northrop Grumman,United States-Colorado-Colorado Springs,Posted Today,9 yrs,https://ngc.wd1.myworkdayjobs.com/en-US/Northrop_Grumman_External_Site/job/United-States-Colorado-Colorado-Springs/Software-Engineer-3--26-233-_R10232425-1,2026-05-11 14:15
Software Engineer - Finance Tech,Visa,"US - Foster City, CA",Posted Today,—,https://visa.wd5.myworkdayjobs.com/en-US/Visa/job/US---Foster-City-CA/SW-Engineer_REF077131W,2026-05-11 14:15
Software Engineer  - TS w/ SCI eligibility,Parsons Corporation,"US - CO, Colorado Springs",Posted 3 Days Ago,3+ yrs,https://parsons.wd5.myworkdayjobs.com/en-US/Search/job/US---CO-Colorado-Springs/Software-Engineer-I---TS-w--SCI-eligibility_R180627,2026-05-11 14:30
Associate Software Engineer,SHI International,US - Remote,Posted Today,1-3 yrs,https://shi.wd12.myworkdayjobs.com/en-US/shicareers/job/US---Remote/Associate-Software-Engineer_JR2937,2026-05-11 14:30
Software Engineer I - Investments Technology,Travelers,2 Locations,Posted Today,—,https://travelers.wd5.myworkdayjobs.com/en-US/external/job/MN---St-Paul/Software-Engineer-I---Investments-Technology_R-50406,2026-05-11 14:31
Software Engineer II,Nelnet,Remote,Posted Today,3+ yrs,https://nelnet.wd1.myworkdayjobs.com/en-US/MyNelnet/job/Remote/Software-Engineer-II_R22617,2026-05-11 14:45
Software Engineer 2 (Mainframe Developer)),US Bank,2 Locations,Posted Today,—,https://usbank.wd1.myworkdayjobs.com/en-US/US_Bank_Careers/job/Hopkins-MN/Software-Engineer-2--Mainframe-Developer--_2026-0011999,2026-05-11 14:46
Software Engineer II - Salesforce,WGU (Western Governors University),"Salt Lake City, UT",Posted Today,5 yrs,https://wgu.wd5.myworkdayjobs.com/en-US/External/job/Salt-Lake-City-UT/Software-Engineer-II---Ops-and-Applications_JR-025027,2026-05-11 14:46
Software Developer – Intelligent Systems & Integrations,McKesson,2 Locations,Posted Today,2+ yrs,https://mckesson.wd3.myworkdayjobs.com/en-US/External_Careers/job/USA-VA-Richmond/Software-Developer---Intelligent-Systems---Integrations_JR0145747,2026-05-11 15:00
Software Engineer,Workday,"USA, GA, Atlanta",Posted Today,5+ yrs,https://workday.wd5.myworkdayjobs.com/en-US/Workday/job/USA-GA-Atlanta/Software-Engineer_JR-0106716,2026-05-11 15:01
Software Developer,Leidos,"Colorado Springs, CO",Posted Today,4+ yrs,https://leidos.wd5.myworkdayjobs.com/en-US/External/job/Colorado-Springs-CO/Software-Developer_R-00182979,2026-05-11 15:45
Full Stack Software Engineer,Maxar Technologies,"Springfield, VA",Posted Today,5+ yrs,https://maxar.wd1.myworkdayjobs.com/en-US/Vantor/job/Springfield-VA/Full-Stack-Software-Engineer--TS-SCI-with-CI-poly-_R23450,2026-05-11 16:15
Software Engineer,Toyota,"Plano, Texas",Posted Today,2+ yrs,https://toyota.wd503.myworkdayjobs.com/en-US/TMNA/job/Plano-Texas/Software-Engineer_10324999,2026-05-11 16:15
Vulnerability Software Engineer II,Truist,"Charlotte, NC",Posted Today,—,https://truist.wd1.myworkdayjobs.com/en-US/Careers/job/Charlotte-NC/Vulnerability-Software-Engineer-II_R0114474,2026-05-11 16:31
Embedded Software Developer,KBR,"Lexington, Massachusetts",Posted Today,—,https://kbr.wd5.myworkdayjobs.com/en-US/KBR_Careers/job/Lexington-Massachusetts/Embedded-Software-Developer_R2123488,2026-05-11 17:15
Software Engineer 2 (Mainframe Developer),US Bank,4 Locations,Posted Today,—,https://usbank.wd1.myworkdayjobs.com/en-US/US_Bank_Careers/job/Brookfield-WI/Software-Engineer-2--Mainframe-Developer-_2026-0011973,2026-05-11 17:15
Software Engineer 1 (Full-stack),US Bank,"Englewood, CO",Posted Today,—,https://usbank.wd1.myworkdayjobs.com/en-US/US_Bank_Careers/job/Englewood-CO/Software-Engineer-1--Full-stack-_2026-0009531,2026-05-11 17:15
Embedded Flight Software Engineer,Moog Inc.,"Torrance, CA",Posted Today,4+ yrs,https://moog.wd5.myworkdayjobs.com/en-US/MOOG_External_Career_Site/job/Torrance-CA/Software-Engineer_R-26-16578,2026-05-11 17:30
Software Engineer - TS w/ SCI eligibility,Parsons Corporation,"US - CO, Colorado Springs",Posted Today,5+ yrs,https://parsons.wd5.myworkdayjobs.com/en-US/Search/job/US---CO-Colorado-Springs/Software-Engineer-II---TS-w--SCI-eligibility_R180623,2026-05-11 18:15
Software Engineer DevOps Secret clearance,Northrop Grumman,United States-Virginia-Newport News,Posted Today,0 yrs,https://ngc.wd1.myworkdayjobs.com/en-US/Northrop_Grumman_External_Site/job/United-States-Virginia-Newport-News/Software-Engineer-DevOps-Secret-clearance_R10232560,2026-05-11 18:30
C5I Software Engineer II,RTX,"US-MA-TEWKSBURY-TB3 ~ 50 Apple Hill Dr ~ CONCORD BLDG, Tewksbury Tb3 300 Concord",Posted Today,100 yrs,https://globalhr.wd5.myworkdayjobs.com/en-US/REC_RTX_Ext_Gateway/job/US-MA-TEWKSBURY-TB3--50-Apple-Hill-Dr--CONCORD-BLDG-Tewksbury-Tb3-300-Concord/C5I-Software-Engineer-II_01844429,2026-05-11 19:00
"Associate Software Engineer - C++ (Plymouth, MN)",Philips,"Plymouth, Minnesota, United States",Posted Today,2+ yrs,https://philips.wd3.myworkdayjobs.com/en-US/jobs-and-careers/job/Plymouth-Minnesota-United-States/Associate-Software-Engineer---C----Plymouth--MN-_583139,2026-05-11 19:30
"Software Engineer, Black Diamond",SS&C Technologies,"Jacksonville, FL",Posted Today,3-8 yrs,https://ssctech.wd1.myworkdayjobs.com/en-US/SSCTechnologies/job/Jacksonville-FL/Software-Engineer--Black-Diamond_R43355,2026-05-11 20:15
Software Engineer II,Walt Disney Company,"San Francisco, CA, USA",Posted Today,—,https://disney.wd5.myworkdayjobs.com/en-US/disneycareer/job/San-Francisco-CA-USA/Software-Engineer-II_10149634-1,2026-05-11 20:15
"Specialist, Software Engineer (Full Stack)",Nationwide,"Ohio - Columbus, Three Nationwide Plaza",Posted Today,—,https://nationwide.wd1.myworkdayjobs.com/en-US/Nationwide_Career/job/Ohio---Columbus-Three-Nationwide-Plaza/Specialist--Software-Engineer--Full-Stack-_097873,2026-05-12 00:00
Software Engineer,Zoom,Remote (IND),Posted Today,—,https://zoom.wd5.myworkdayjobs.com/en-US/Zoom/job/Remote-IND/Software-Engineer_R18768-1,2026-05-12 02:01
Software Engineer - Full Stack Java,Kyndryl,7 Locations,Posted Today,7 yrs,https://kyndryl.wd5.myworkdayjobs.com/en-US/KyndrylProfessionalCareers/job/Greater-Noida-Uttar-Pradesh-India/Software-Engineer---Full-Stack-Java_R-54031,2026-05-12 06:15
Software Engineer - Full Stack Development,Kyndryl,5 Locations,Posted Today,8-20 yrs,https://kyndryl.wd5.myworkdayjobs.com/en-US/KyndrylProfessionalCareers/job/Bangalore-Karnataka-India/Software-Engineer---Full-Stack-Development_R-55486,2026-05-12 07:15
2026 Associate Software Engineer / 2026 Software Engineer - Roy UT,Northrop Grumman,United States-Utah-Roy,Posted Today,—,https://ngc.wd1.myworkdayjobs.com/en-US/Northrop_Grumman_External_Site/job/United-States-Utah-Roy/XMLNAME-2026-Associate-Software-Engineer---2026-Software-Engineer---Roy-UT_R10232594,2026-05-12 07:30
2026 Raytheon Full Time -Software Engineer I - Space and RF Sensors (Onsite),RTX,US-IN-FT WAYNE-150A ~ 1010 Production Rd ~ BLDG 150A,Posted Today,100 yrs,https://globalhr.wd5.myworkdayjobs.com/en-US/REC_RTX_Ext_Gateway/job/US-IN-FT-WAYNE-150A--1010-Production-Rd--BLDG-150A/XMLNAME-2026-Raytheon-Full-Time--Software-Engineer-I---Space-and-RF-Sensors--Onsite-_01842399,2026-05-12 08:30
Software Engineer,Maxar Technologies,"Melbourne, FL",Posted Today,5 yrs,https://maxar.wd1.myworkdayjobs.com/en-US/Vantor/job/Melbourne-FL/Software-Engineer_R23894,2026-05-12 10:30
Software Engineer,Maxar Technologies,"Melbourne, FL",Posted Today,5+ yrs,https://maxar.wd1.myworkdayjobs.com/en-US/Vantor/job/Melbourne-FL/Software-Engineer_R23087-1,2026-05-12 10:30
Diagnostics Software Engineer,Trane Technologies,"Tyler, Texas",Posted Today,4 yrs,https://tranetechnologies.wd12.myworkdayjobs.com/en-US/Trane_Technologies_Careers/job/Tyler-Texas/Diagnostics-Software-Engineer_92601542-2,2026-05-12 11:00
Associate Cyber Software Engineer,Northrop Grumman,2 Locations,Posted Today,0-2 yrs,https://ngc.wd1.myworkdayjobs.com/en-US/Northrop_Grumman_External_Site/job/United-States-Maryland-Annapolis-Junction/Associate-Cyber-Software-Engineer_R10232384-1,2026-05-12 11:30
Software Engineer 2 (REMOTE),The Home Depot,TEXAS - VIRTUAL - TX01,Posted Today,—,https://homedepot.wd5.myworkdayjobs.com/en-US/CareerDepot/job/TEXAS---VIRTUAL---TX01/Software-Engineer-2--REMOTE-_Req177494-1,2026-05-12 11:30
Software Engineer,Q2 eBanking,"Austin, TX",Posted Today,5+ yrs,https://q2ebanking.wd5.myworkdayjobs.com/en-US/Q2/job/Austin-TX/Software-Engineer_REQ-12452,2026-05-12 11:45
"Software Engineer - Kubernetes, CI/CD, and DevOps",Red Hat,3 Locations,Posted Today,—,https://redhat.wd5.myworkdayjobs.com/en-US/Jobs/job/Raleigh/Software-Engineer---Test-Automation--CI-CD--and-DevOps_R-056520-1,2026-05-12 11:45
Software Engineer II,S&P Global,2 Locations,Posted Today,—,https://spgi.wd5.myworkdayjobs.com/en-US/SPGI_Careers/job/New-York-NY/Software-Engineer-II_328045-1,2026-05-12 11:45
Software Developer (Payment Integrations),U-Haul,"Phoenix, Arizona",Posted Today,—,https://uhaul.wd1.myworkdayjobs.com/en-US/UhaulJobs/job/Phoenix-Arizona/Software-Developer--Payment-Integrations-_R243767,2026-05-12 12:30
Embedded Software Engineer,Moog Inc.,"Buffalo, NY",Posted Today,—,https://moog.wd5.myworkdayjobs.com/en-US/MOOG_External_Career_Site/job/Buffalo-NY/Embedded-Software-Engineer_R-26-17446,2026-05-12 13:00
2026 Software Developer Engineer II - Onsite,RTX,US-AZ-TUCSON-805 ~ 1151 E Hermans Rd ~ BLDG 805,Posted Today,100 yrs,https://globalhr.wd5.myworkdayjobs.com/en-US/REC_RTX_Ext_Gateway/job/US-AZ-TUCSON-805--1151-E-Hermans-Rd--BLDG-805/XMLNAME-2026-Software-Developer-Engineer-II---Onsite_01839115,2026-05-12 13:00
Software Developer - Web,Uline,3 Locations,Posted Today,45+ yrs,https://uline.wd1.myworkdayjobs.com/en-US/Uline_Careers/job/Pleasant-Prairie-WI/Software-Developer---Web_R263369-1,2026-05-12 13:01
Manufacturing Systems Software Engineer,Polaris Industries,"Battle Ground, WA, USA",Posted Today,5+ yrs,https://polaris.wd5.myworkdayjobs.com/en-US/PolarisJobs/job/Battle-Ground-WA-USA/Manufacturing-Systems-Software-Engineer_R29166,2026-05-12 13:15
Software Developer,Leidos,"Colorado Springs, CO",Posted Today,4+ yrs,https://leidos.wd5.myworkdayjobs.com/en-US/External/job/Colorado-Springs-CO/Software-Developer_R-00183048-1,2026-05-12 14:00
Software Engineer II - Core Infrastructure (Python/C++),Medtronic,2 Locations,Posted Today,2 yrs,https://medtronic.wd1.myworkdayjobs.com/en-US/MedtronicCareers/job/Newton-Massachusetts-United-States-of-America/Software-Engineer-II---Core-Infrastructure--Python-C---_R65922-1,2026-05-12 14:36
2026 Raytheon Full Time- Software Engineer I (Onsite),RTX,US-IN-INDIANAPOLIS-206 ~ 3939 Priority Way S Dr ~ PRIORITY BLDG 6,Posted Today,100 yrs,https://globalhr.wd5.myworkdayjobs.com/en-US/REC_RTX_Ext_Gateway/job/US-IN-INDIANAPOLIS-206--3939-Priority-Way-S-Dr--PRIORITY-BLDG-6/XMLNAME-2026-Raytheon-Full-Time--Software-Data-Engineer-I--Onsite-_01844461,2026-05-12 14:56
Software Engineer II  - 3D Visualization (OpenGL),Medtronic,2 Locations,Posted Today,2 yrs,https://medtronic.wd1.myworkdayjobs.com/en-US/MedtronicCareers/job/Newton-Massachusetts-United-States-of-America/Software-Engineer-II----3D-Visualization--OpenGL-_R65925-2,2026-05-12 15:16
Software Engineer II - Signals & Algorithm Interfaces (Python/C++),Medtronic,2 Locations,Posted Today,2 yrs,https://medtronic.wd1.myworkdayjobs.com/en-US/MedtronicCareers/job/Newton-Massachusetts-United-States-of-America/Software-Engineer-II---Signals---Algorithm-Interfaces--Python-C---_R65923-1,2026-05-12 15:16
Software Engineer II - UI/UX (Qt/QML),Medtronic,2 Locations,Posted Today,2 yrs,https://medtronic.wd1.myworkdayjobs.com/en-US/MedtronicCareers/job/Newton-Massachusetts-United-States-of-America/Software-Engineer-II---UI-UX--Qt-QML-_R65926-1,2026-05-12 15:26
"Engineer I, Software Engineer (Hybrid)",RTX,US-PR-AGUADILLA-110 ~ Rd 110 N Km 28.8 ~ RD110,Posted Today,2 yrs,https://globalhr.wd5.myworkdayjobs.com/en-US/REC_RTX_Ext_Gateway/job/US-PR-AGUADILLA-110--Rd-110-N-Km-288--RD110/Engineer-I--Software-Engineer--Hybrid-_01842708-1,2026-05-12 15:36
